/*
 Navicat MySQL Data Transfer

 Source Server         : li
 Source Server Type    : MySQL
 Source Server Version : 80011
 Source Host           : localhost:3306
 Source Schema         : gms

 Target Server Type    : MySQL
 Target Server Version : 80011
 File Encoding         : 65001

 Date: 03/06/2023 20:46:24
*/

SET NAMES utf8mb4;
SET FOREIGN_KEY_CHECKS = 0;

-- ----------------------------
-- Table structure for gms_admin
-- ----------------------------
DROP TABLE IF EXISTS `gms_admin`;
CREATE TABLE `gms_admin`  (
  `admin_username` varchar(32) CHARACTER SET utf8 COLLATE utf8_general_ci NOT NULL COMMENT '用户名',
  `admin_password` varchar(32) CHARACTER SET utf8 COLLATE utf8_general_ci NOT NULL COMMENT '密码',
  PRIMARY KEY (`admin_username`) USING BTREE
) ENGINE = InnoDB CHARACTER SET = utf8 COLLATE = utf8_general_ci COMMENT = '管理员' ROW_FORMAT = Dynamic;

-- ----------------------------
-- Records of gms_admin
-- ----------------------------
INSERT INTO `gms_admin` VALUES ('admin', '123456');

-- ----------------------------
-- Table structure for gms_inschool
-- ----------------------------
DROP TABLE IF EXISTS `gms_inschool`;
CREATE TABLE `gms_inschool`  (
  `inschool_id` varchar(32) CHARACTER SET utf8 COLLATE utf8_general_ci NOT NULL COMMENT '工号/学号',
  `inschool_name` varchar(32) CHARACTER SET utf8mb4 COLLATE utf8mb4_0900_ai_ci NOT NULL COMMENT '姓名',
  `inschool_idcard` varchar(32) CHARACTER SET utf8mb4 COLLATE utf8mb4_0900_ai_ci NOT NULL COMMENT '身份证号（18位）',
  `inschool_sex` varchar(32) CHARACTER SET utf8mb4 COLLATE utf8mb4_0900_ai_ci NOT NULL COMMENT '性别',
  `inschool_age` int(11) NOT NULL COMMENT '年龄',
  `inschool_entertime` datetime(0) NOT NULL COMMENT '入校日期',
  `inschool_phone` varchar(13) CHARACTER SET utf8mb4 COLLATE utf8mb4_0900_ai_ci NOT NULL COMMENT '手机号',
  PRIMARY KEY (`inschool_id`) USING BTREE
) ENGINE = InnoDB CHARACTER SET = utf8mb4 COLLATE = utf8mb4_0900_ai_ci ROW_FORMAT = Dynamic;

-- ----------------------------
-- Records of gms_inschool
-- ----------------------------
INSERT INTO `gms_inschool` VALUES ('42021243', '小李', '320912345678192345', '女', 22, '2022-09-01 21:50:40', '13190260679');
INSERT INTO `gms_inschool` VALUES ('42023453', '小章', '320945552354656541', '女', 20, '2020-09-01 16:59:17', '15675950277');
INSERT INTO `gms_inschool` VALUES ('42023685', '小吴', '320486951232213325', '男', 21, '2021-09-01 17:03:08', '13573585758');
INSERT INTO `gms_inschool` VALUES ('42023711', '小马', '320612351245456512', '女', 21, '2020-09-01 17:04:17', '13535047018');
INSERT INTO `gms_inschool` VALUES ('42023789', '小王', '320890987657483748', '男', 19, '2022-09-01 21:51:32', '15898691866');
INSERT INTO `gms_inschool` VALUES ('42026184', '小刘', '320412354544651888', '男', 18, '2022-09-01 17:05:52', '18371149509');
INSERT INTO `gms_inschool` VALUES ('82024699', '小何', '320461223221231231', '男', 28, '2018-06-01 17:10:58', '13848527450');
INSERT INTO `gms_inschool` VALUES ('82024998', '小崔', '321234562223156548', '女', 29, '2021-09-01 17:09:48', '15252184024');
INSERT INTO `gms_inschool` VALUES ('82029237', '小迪', '320164531234567894', '女', 41, '2018-09-01 17:06:48', '15572210568');
INSERT INTO `gms_inschool` VALUES ('82029239', '小宋', '321602132456455552', '男', 37, '2019-09-01 17:07:45', '13915147796');

-- ----------------------------
-- Table structure for gms_notice
-- ----------------------------
DROP TABLE IF EXISTS `gms_notice`;
CREATE TABLE `gms_notice`  (
  `notice_id` varchar(32) CHARACTER SET utf8 COLLATE utf8_general_ci NOT NULL COMMENT '通知编号',
  `notice_time` date NOT NULL COMMENT '通知日期',
  `notice_man` varchar(32) CHARACTER SET utf8 COLLATE utf8_general_ci NOT NULL COMMENT '通知人',
  `notice_content` varchar(3072) CHARACTER SET utf8 COLLATE utf8_general_ci NOT NULL COMMENT '通知内容',
  `notice_title` varchar(32) CHARACTER SET utf8 COLLATE utf8_general_ci NOT NULL COMMENT '通知标题',
  `notice_state` int(11) NOT NULL DEFAULT 0 COMMENT '通知状态 为0代表通知未被删除,1代表通知被删除了',
  PRIMARY KEY (`notice_id`) USING BTREE,
  INDEX `引用通知人`(`notice_man`) USING BTREE,
  CONSTRAINT `引用通知人` FOREIGN KEY (`notice_man`) REFERENCES `gms_admin` (`admin_username`) ON DELETE RESTRICT ON UPDATE RESTRICT
) ENGINE = InnoDB CHARACTER SET = utf8 COLLATE = utf8_general_ci COMMENT = '通知' ROW_FORMAT = Dynamic;

-- ----------------------------
-- Records of gms_notice
-- ----------------------------
INSERT INTO `gms_notice` VALUES ('0279046b3a3a446f8fe2c42dac7b1468', '2023-05-20', 'admin', '体育馆场地管理系统即日起正式投入使用，在使用过程中如遇各种问题请拨打xxxxx。', '场地预约系统正式投入使用', 0);
INSERT INTO `gms_notice` VALUES ('2adf4591ac594192b4ff51a23e655c59', '2023-05-21', 'admin', '体育馆场地管理系统目前主要由用户登录，场地预约和系统通知模块，会员模块仅供校内人员使用，更多功能敬请期待', '系统使用注意事项', 0);

-- ----------------------------
-- Table structure for gms_order
-- ----------------------------
DROP TABLE IF EXISTS `gms_order`;
CREATE TABLE `gms_order`  (
  `order_id` varchar(32) CHARACTER SET utf8 COLLATE utf8_general_ci NOT NULL COMMENT '订单编号',
  `order_venue_id` varchar(32) CHARACTER SET utf8 COLLATE utf8_general_ci NOT NULL COMMENT '场馆编号',
  `order_user_id` varchar(32) CHARACTER SET utf8 COLLATE utf8_general_ci NOT NULL COMMENT '工号/学号',
  `order_date` date NOT NULL COMMENT '预约日期',
  `order_st` int(11) NOT NULL COMMENT '预约开始时间',
  `order_ed` int(11) NOT NULL COMMENT '预约结束时间',
  `order_state` int(11) NOT NULL COMMENT '预约状态',
  `order_mktime` datetime(0) NOT NULL COMMENT '订单生成时间',
  `order_price` decimal(32, 10) NOT NULL COMMENT '订单价格',
  PRIMARY KEY (`order_id`) USING BTREE,
  INDEX `订单引用场馆`(`order_venue_id`) USING BTREE,
  INDEX `订单引用用户`(`order_user_id`) USING BTREE,
  CONSTRAINT `订单引用场馆` FOREIGN KEY (`order_venue_id`) REFERENCES `gms_venue` (`venue_id`) ON DELETE RESTRICT ON UPDATE RESTRICT,
  CONSTRAINT `订单引用用户` FOREIGN KEY (`order_user_id`) REFERENCES `gms_user` (`user_id`) ON DELETE RESTRICT ON UPDATE RESTRICT
) ENGINE = InnoDB CHARACTER SET = utf8 COLLATE = utf8_general_ci COMMENT = '预约订单' ROW_FORMAT = Dynamic;

-- ----------------------------
-- Records of gms_order
-- ----------------------------
INSERT INTO `gms_order` VALUES ('0', '07', '15723403455', '2023-06-11', 19, 20, 0, '2023-06-11 15:13:13', 50.0000000000);
INSERT INTO `gms_order` VALUES ('1', '15', '15572210568', '2023-06-18', 17, 18, 1, '2023-06-18 16:37:36', 50.0000000000);
INSERT INTO `gms_order` VALUES ('10', '15', '15893810236', '2023-06-05', 14, 15, 1, '2023-06-05 13:19:11', 50.0000000000);
INSERT INTO `gms_order` VALUES ('100', '38', '15154336237', '2023-06-28', 18, 19, 0, '2023-06-28 19:21:49', 50.0000000000);
INSERT INTO `gms_order` VALUES ('101', '30', '13848527450', '2023-06-22', 18, 19, 0, '2023-06-22 14:52:35', 50.0000000000);
INSERT INTO `gms_order` VALUES ('102', '21', '15723403455', '2023-06-13', 15, 16, 0, '2023-06-13 12:37:20', 50.0000000000);
INSERT INTO `gms_order` VALUES ('103', '19', '15252184024', '2023-06-02', 10, 11, 1, '2023-06-02 14:42:57', 50.0000000000);
INSERT INTO `gms_order` VALUES ('104', '31', '13915147796', '2023-06-24', 12, 13, 0, '2023-06-24 16:17:51', 50.0000000000);
INSERT INTO `gms_order` VALUES ('105', '35', '18970952968', '2023-06-29', 13, 14, 1, '2023-06-29 21:33:44', 50.0000000000);
INSERT INTO `gms_order` VALUES ('106', '19', '18371149509', '2023-06-05', 11, 12, 0, '2023-06-05 16:58:16', 50.0000000000);
INSERT INTO `gms_order` VALUES ('107', '08', '15985848273', '2023-06-04', 19, 20, 0, '2023-06-04 10:40:36', 50.0000000000);
INSERT INTO `gms_order` VALUES ('108', '16', '13573585758', '2023-06-14', 13, 14, 1, '2023-06-14 21:20:44', 50.0000000000);
INSERT INTO `gms_order` VALUES ('109', '08', '15252184024', '2023-06-21', 15, 16, 1, '2023-06-21 15:41:35', 50.0000000000);
INSERT INTO `gms_order` VALUES ('11', '07', '18970952968', '2023-06-09', 14, 15, 0, '2023-06-09 14:22:15', 50.0000000000);
INSERT INTO `gms_order` VALUES ('110', '12', '18371149509', '2023-06-11', 17, 18, 1, '2023-06-11 19:59:18', 50.0000000000);
INSERT INTO `gms_order` VALUES ('111', '12', '15016093698', '2023-06-26', 16, 17, 0, '2023-06-26 16:22:24', 50.0000000000);
INSERT INTO `gms_order` VALUES ('112', '25', '13573585758', '2023-06-24', 13, 14, 0, '2023-06-24 21:34:34', 50.0000000000);
INSERT INTO `gms_order` VALUES ('113', '33', '15572210568', '2023-06-26', 13, 14, 0, '2023-06-26 18:47:50', 50.0000000000);
INSERT INTO `gms_order` VALUES ('114', '35', '13873230126', '2023-06-27', 15, 16, 1, '2023-06-27 21:57:42', 50.0000000000);
INSERT INTO `gms_order` VALUES ('115', '06', '15572210568', '2023-06-21', 18, 19, 0, '2023-06-21 15:32:35', 50.0000000000);
INSERT INTO `gms_order` VALUES ('116', '19', '13573585758', '2023-06-29', 14, 15, 0, '2023-06-29 11:12:51', 50.0000000000);
INSERT INTO `gms_order` VALUES ('117', '09', '13873230126', '2023-06-14', 18, 19, 0, '2023-06-14 21:52:24', 50.0000000000);
INSERT INTO `gms_order` VALUES ('118', '30', '18970952968', '2023-06-21', 18, 19, 0, '2023-06-21 20:33:40', 50.0000000000);
INSERT INTO `gms_order` VALUES ('119', '22', '13573585758', '2023-06-16', 14, 15, 0, '2023-06-16 19:18:31', 50.0000000000);
INSERT INTO `gms_order` VALUES ('12', '25', '15985848273', '2023-06-22', 13, 14, 1, '2023-06-22 10:19:40', 50.0000000000);
INSERT INTO `gms_order` VALUES ('120', '24', '13573585758', '2023-06-23', 17, 18, 0, '2023-06-23 22:26:33', 50.0000000000);
INSERT INTO `gms_order` VALUES ('121', '29', '13573585758', '2023-06-19', 19, 20, 0, '2023-06-19 20:54:53', 50.0000000000);
INSERT INTO `gms_order` VALUES ('122', '30', '15723403455', '2023-06-29', 15, 16, 0, '2023-06-29 21:22:53', 50.0000000000);
INSERT INTO `gms_order` VALUES ('123', '02', '13535047018', '2023-06-20', 15, 16, 0, '2023-06-20 19:34:28', 500.0000000000);
INSERT INTO `gms_order` VALUES ('124', '02', '13573585758', '2023-06-12', 16, 17, 0, '2023-06-12 12:46:14', 500.0000000000);
INSERT INTO `gms_order` VALUES ('125', '08', '15016093698', '2023-06-30', 13, 14, 0, '2023-06-30 20:57:30', 50.0000000000);
INSERT INTO `gms_order` VALUES ('126', '23', '15154336237', '2023-06-25', 19, 20, 0, '2023-06-25 23:34:22', 50.0000000000);
INSERT INTO `gms_order` VALUES ('127', '38', '15154336237', '2023-06-30', 17, 18, 1, '2023-06-30 10:34:58', 50.0000000000);
INSERT INTO `gms_order` VALUES ('128', '32', '15973620880', '2023-06-22', 15, 16, 0, '2023-06-22 14:15:29', 50.0000000000);
INSERT INTO `gms_order` VALUES ('129', '27', '15154336237', '2023-06-23', 18, 19, 0, '2023-06-23 13:20:48', 50.0000000000);
INSERT INTO `gms_order` VALUES ('13', '13', '15675478738', '2023-06-13', 13, 14, 0, '2023-06-13 22:19:10', 50.0000000000);
INSERT INTO `gms_order` VALUES ('130', '40', '13873230126', '2023-06-30', 12, 13, 0, '2023-06-30 23:12:23', 400.0000000000);
INSERT INTO `gms_order` VALUES ('131', '12', '15985848273', '2023-06-25', 14, 15, 0, '2023-06-25 17:22:30', 50.0000000000);
INSERT INTO `gms_order` VALUES ('132', '03', '13573585758', '2023-06-21', 14, 15, 0, '2023-06-21 20:13:33', 50.0000000000);
INSERT INTO `gms_order` VALUES ('133', '08', '13535047018', '2023-06-01', 17, 18, 2, '2023-06-01 22:35:21', 50.0000000000);
INSERT INTO `gms_order` VALUES ('134', '27', '15985848273', '2023-06-10', 18, 19, 1, '2023-06-10 16:16:33', 50.0000000000);
INSERT INTO `gms_order` VALUES ('135', '04', '13190260679', '2023-06-02', 17, 18, 2, '2023-06-02 13:27:29', 50.0000000000);
INSERT INTO `gms_order` VALUES ('136', '16', '13966548778', '2023-06-26', 13, 14, 0, '2023-06-26 10:33:32', 50.0000000000);
INSERT INTO `gms_order` VALUES ('137', '06', '15572210568', '2023-06-28', 16, 17, 1, '2023-06-28 11:21:16', 50.0000000000);
INSERT INTO `gms_order` VALUES ('138', '30', '15973620880', '2023-06-08', 17, 18, 0, '2023-06-08 16:20:41', 50.0000000000);
INSERT INTO `gms_order` VALUES ('139', '21', '15723403455', '2023-06-27', 12, 13, 1, '2023-06-27 18:53:56', 50.0000000000);
INSERT INTO `gms_order` VALUES ('14', '13', '15723403455', '2023-06-12', 16, 17, 0, '2023-06-12 23:25:53', 50.0000000000);
INSERT INTO `gms_order` VALUES ('140', '01', '15016093698', '2023-06-02', 17, 18, 2, '2023-06-02 17:17:36', 500.0000000000);
INSERT INTO `gms_order` VALUES ('141', '37', '15016093698', '2023-06-10', 13, 14, 0, '2023-06-10 17:43:47', 50.0000000000);
INSERT INTO `gms_order` VALUES ('142', '33', '13915147796', '2023-06-10', 18, 19, 0, '2023-06-10 17:31:29', 50.0000000000);
INSERT INTO `gms_order` VALUES ('143', '15', '15016093698', '2023-06-19', 17, 18, 0, '2023-06-19 17:59:56', 50.0000000000);
INSERT INTO `gms_order` VALUES ('144', '12', '13363679129', '2023-06-16', 13, 14, 0, '2023-06-16 10:34:41', 50.0000000000);
INSERT INTO `gms_order` VALUES ('145', '24', '13363679129', '2023-06-08', 14, 15, 0, '2023-06-08 17:42:31', 50.0000000000);
INSERT INTO `gms_order` VALUES ('146', '29', '13848527450', '2023-06-23', 15, 16, 0, '2023-06-23 15:25:12', 50.0000000000);
INSERT INTO `gms_order` VALUES ('147', '11', '18970952968', '2023-06-20', 13, 14, 0, '2023-06-20 12:11:54', 50.0000000000);
INSERT INTO `gms_order` VALUES ('148', '15', '13966548778', '2023-06-27', 16, 17, 0, '2023-06-27 14:37:46', 50.0000000000);
INSERT INTO `gms_order` VALUES ('149', '18', '15985848273', '2023-06-13', 12, 13, 1, '2023-06-13 22:19:27', 50.0000000000);
INSERT INTO `gms_order` VALUES ('15', '01', '15985848273', '2023-06-23', 12, 13, 0, '2023-06-23 14:42:17', 500.0000000000);
INSERT INTO `gms_order` VALUES ('150', '07', '15016093698', '2023-06-19', 15, 16, 0, '2023-06-19 23:38:45', 50.0000000000);
INSERT INTO `gms_order` VALUES ('151', '30', '15016093698', '2023-06-21', 16, 17, 1, '2023-06-21 23:32:57', 50.0000000000);
INSERT INTO `gms_order` VALUES ('152', '02', '15723403455', '2023-06-10', 13, 14, 0, '2023-06-10 23:58:52', 500.0000000000);
INSERT INTO `gms_order` VALUES ('153', '16', '15893810236', '2023-06-11', 17, 18, 0, '2023-06-11 16:18:45', 50.0000000000);
INSERT INTO `gms_order` VALUES ('154', '34', '15723403455', '2023-06-26', 16, 17, 0, '2023-06-26 14:11:35', 50.0000000000);
INSERT INTO `gms_order` VALUES ('155', '40', '15016093698', '2023-06-04', 15, 16, 0, '2023-06-04 11:31:47', 400.0000000000);
INSERT INTO `gms_order` VALUES ('156', '06', '15723403455', '2023-06-07', 18, 19, 0, '2023-06-07 16:44:38', 50.0000000000);
INSERT INTO `gms_order` VALUES ('157', '04', '15985848273', '2023-06-21', 18, 19, 0, '2023-06-21 11:17:26', 50.0000000000);
INSERT INTO `gms_order` VALUES ('158', '30', '15675478738', '2023-06-21', 15, 16, 1, '2023-06-21 10:35:32', 50.0000000000);
INSERT INTO `gms_order` VALUES ('159', '14', '15016093698', '2023-06-03', 14, 15, 2, '2023-06-03 13:16:18', 50.0000000000);
INSERT INTO `gms_order` VALUES ('16', '39', '15154336237', '2023-06-28', 14, 15, 0, '2023-06-28 12:47:20', 30.0000000000);
INSERT INTO `gms_order` VALUES ('160', '01', '18970952968', '2023-06-02', 14, 15, 1, '2023-06-02 13:30:44', 500.0000000000);
INSERT INTO `gms_order` VALUES ('161', '13', '15572210568', '2023-06-05', 14, 15, 0, '2023-06-05 14:17:30', 50.0000000000);
INSERT INTO `gms_order` VALUES ('162', '06', '18970952968', '2023-06-19', 14, 15, 0, '2023-06-19 17:27:32', 50.0000000000);
INSERT INTO `gms_order` VALUES ('163', '28', '13915147796', '2023-06-29', 16, 17, 0, '2023-06-29 11:20:53', 50.0000000000);
INSERT INTO `gms_order` VALUES ('164', '25', '13966548778', '2023-06-22', 14, 15, 0, '2023-06-22 12:23:34', 50.0000000000);
INSERT INTO `gms_order` VALUES ('165', '08', '15723403455', '2023-06-06', 17, 18, 0, '2023-06-06 13:16:10', 50.0000000000);
INSERT INTO `gms_order` VALUES ('166', '37', '15973620880', '2023-06-02', 18, 19, 2, '2023-06-02 16:59:14', 50.0000000000);
INSERT INTO `gms_order` VALUES ('167', '24', '15893810236', '2023-06-05', 16, 17, 0, '2023-06-05 18:52:42', 50.0000000000);
INSERT INTO `gms_order` VALUES ('168', '40', '15675478738', '2023-06-07', 17, 18, 1, '2023-06-07 18:33:50', 400.0000000000);
INSERT INTO `gms_order` VALUES ('169', '32', '13915147796', '2023-06-18', 11, 12, 0, '2023-06-18 22:22:29', 50.0000000000);
INSERT INTO `gms_order` VALUES ('17', '18', '13535047018', '2023-06-15', 17, 18, 0, '2023-06-15 19:46:44', 50.0000000000);
INSERT INTO `gms_order` VALUES ('170', '01', '15893810236', '2023-06-30', 15, 16, 0, '2023-06-30 17:56:43', 500.0000000000);
INSERT INTO `gms_order` VALUES ('171', '07', '15973620880', '2023-06-12', 16, 17, 0, '2023-06-12 16:52:19', 50.0000000000);
INSERT INTO `gms_order` VALUES ('172', '18', '15973620880', '2023-06-02', 10, 11, 2, '2023-06-02 18:39:13', 50.0000000000);
INSERT INTO `gms_order` VALUES ('173', '08', '15893810236', '2023-06-03', 13, 14, 1, '2023-06-03 11:55:22', 50.0000000000);
INSERT INTO `gms_order` VALUES ('174', '10', '15985848273', '2023-06-06', 13, 14, 0, '2023-06-06 23:55:17', 50.0000000000);
INSERT INTO `gms_order` VALUES ('175', '04', '15572210568', '2023-06-13', 18, 19, 0, '2023-06-13 12:27:11', 50.0000000000);
INSERT INTO `gms_order` VALUES ('176', '19', '13915147796', '2023-06-13', 12, 13, 0, '2023-06-13 14:42:47', 50.0000000000);
INSERT INTO `gms_order` VALUES ('177', '12', '13966548778', '2023-06-14', 19, 20, 1, '2023-06-14 19:32:13', 50.0000000000);
INSERT INTO `gms_order` VALUES ('178', '32', '18371149509', '2023-06-05', 11, 12, 0, '2023-06-05 11:48:14', 50.0000000000);
INSERT INTO `gms_order` VALUES ('179', '24', '15723403455', '2023-06-05', 14, 15, 0, '2023-06-05 20:28:23', 50.0000000000);
INSERT INTO `gms_order` VALUES ('18', '36', '13363679129', '2023-06-23', 15, 16, 0, '2023-06-23 20:16:11', 50.0000000000);
INSERT INTO `gms_order` VALUES ('180', '37', '13573585758', '2023-06-22', 18, 19, 0, '2023-06-22 13:41:12', 50.0000000000);
INSERT INTO `gms_order` VALUES ('181', '21', '15675478738', '2023-06-18', 18, 19, 0, '2023-06-18 20:47:31', 50.0000000000);
INSERT INTO `gms_order` VALUES ('182', '02', '13573585758', '2023-06-23', 17, 18, 0, '2023-06-23 22:11:42', 500.0000000000);
INSERT INTO `gms_order` VALUES ('183', '26', '15016093698', '2023-06-04', 14, 15, 0, '2023-06-04 15:50:18', 50.0000000000);
INSERT INTO `gms_order` VALUES ('184', '37', '13363679129', '2023-06-22', 14, 15, 1, '2023-06-22 11:45:43', 50.0000000000);
INSERT INTO `gms_order` VALUES ('185', '13', '13966548778', '2023-06-01', 16, 17, 2, '2023-06-01 12:42:13', 50.0000000000);
INSERT INTO `gms_order` VALUES ('186', '05', '15916515440', '2023-06-26', 16, 17, 0, '2023-06-26 22:28:29', 50.0000000000);
INSERT INTO `gms_order` VALUES ('187', '03', '13535047018', '2023-06-14', 14, 15, 0, '2023-06-14 23:25:44', 50.0000000000);
INSERT INTO `gms_order` VALUES ('188', '20', '13573585758', '2023-06-21', 14, 15, 0, '2023-06-21 17:49:35', 50.0000000000);
INSERT INTO `gms_order` VALUES ('189', '27', '13848527450', '2023-06-05', 11, 12, 0, '2023-06-05 22:31:13', 50.0000000000);
INSERT INTO `gms_order` VALUES ('19', '25', '15973620880', '2023-06-14', 12, 13, 0, '2023-06-14 23:26:49', 50.0000000000);
INSERT INTO `gms_order` VALUES ('190', '02', '18970952968', '2023-06-13', 13, 14, 0, '2023-06-13 12:37:23', 500.0000000000);
INSERT INTO `gms_order` VALUES ('191', '34', '15675478738', '2023-06-14', 11, 12, 0, '2023-06-14 20:44:17', 50.0000000000);
INSERT INTO `gms_order` VALUES ('192', '15', '18371149509', '2023-06-09', 13, 14, 0, '2023-06-09 18:40:26', 50.0000000000);
INSERT INTO `gms_order` VALUES ('193', '11', '13966548778', '2023-06-14', 11, 12, 1, '2023-06-14 15:15:22', 50.0000000000);
INSERT INTO `gms_order` VALUES ('194', '03', '13966548778', '2023-06-05', 15, 16, 0, '2023-06-05 21:36:14', 50.0000000000);
INSERT INTO `gms_order` VALUES ('195', '28', '13966548778', '2023-06-19', 17, 18, 0, '2023-06-19 14:32:28', 50.0000000000);
INSERT INTO `gms_order` VALUES ('196', '19', '13535047018', '2023-06-02', 14, 15, 2, '2023-06-02 23:16:52', 50.0000000000);
INSERT INTO `gms_order` VALUES ('197', '17', '13915147796', '2023-06-28', 18, 19, 0, '2023-06-28 14:13:48', 50.0000000000);
INSERT INTO `gms_order` VALUES ('198', '21', '13535047018', '2023-06-13', 13, 14, 0, '2023-06-13 16:22:49', 50.0000000000);
INSERT INTO `gms_order` VALUES ('199', '21', '15572210568', '2023-06-18', 15, 16, 1, '2023-06-18 15:32:57', 50.0000000000);
INSERT INTO `gms_order` VALUES ('2', '22', '15016093698', '2023-06-09', 14, 15, 0, '2023-06-09 22:58:31', 50.0000000000);
INSERT INTO `gms_order` VALUES ('20', '18', '13573585758', '2023-06-24', 14, 15, 0, '2023-06-24 23:29:33', 50.0000000000);
INSERT INTO `gms_order` VALUES ('200', '32', '15675478738', '2023-06-20', 19, 20, 0, '2023-06-20 21:37:21', 50.0000000000);
INSERT INTO `gms_order` VALUES ('201', '37', '15723403455', '2023-06-27', 14, 15, 0, '2023-06-27 12:43:13', 50.0000000000);
INSERT INTO `gms_order` VALUES ('202', '16', '15985848273', '2023-06-29', 14, 15, 0, '2023-06-29 13:46:54', 50.0000000000);
INSERT INTO `gms_order` VALUES ('203', '30', '15985848273', '2023-06-25', 14, 15, 0, '2023-06-25 21:35:31', 50.0000000000);
INSERT INTO `gms_order` VALUES ('204', '36', '15154336237', '2023-06-07', 13, 14, 1, '2023-06-07 21:12:40', 50.0000000000);
INSERT INTO `gms_order` VALUES ('205', '35', '15675478738', '2023-06-25', 19, 20, 0, '2023-06-25 12:37:40', 50.0000000000);
INSERT INTO `gms_order` VALUES ('206', '40', '15572210568', '2023-06-30', 13, 14, 1, '2023-06-30 17:18:41', 400.0000000000);
INSERT INTO `gms_order` VALUES ('207', '31', '15973620880', '2023-06-25', 16, 17, 0, '2023-06-25 16:58:45', 50.0000000000);
INSERT INTO `gms_order` VALUES ('208', '18', '13190260679', '2023-06-08', 18, 19, 1, '2023-06-08 19:16:19', 50.0000000000);
INSERT INTO `gms_order` VALUES ('209', '32', '13190260679', '2023-06-22', 13, 14, 0, '2023-06-22 21:48:45', 50.0000000000);
INSERT INTO `gms_order` VALUES ('21', '39', '13573585758', '2023-06-20', 17, 18, 0, '2023-06-20 16:43:13', 30.0000000000);
INSERT INTO `gms_order` VALUES ('210', '25', '18371149509', '2023-06-28', 13, 14, 1, '2023-06-28 19:21:26', 50.0000000000);
INSERT INTO `gms_order` VALUES ('211', '33', '15252184024', '2023-06-11', 13, 14, 1, '2023-06-11 12:18:11', 50.0000000000);
INSERT INTO `gms_order` VALUES ('212', '16', '13915147796', '2023-06-25', 12, 13, 0, '2023-06-25 13:20:53', 50.0000000000);
INSERT INTO `gms_order` VALUES ('213', '35', '15916515440', '2023-06-07', 19, 20, 0, '2023-06-07 10:14:27', 50.0000000000);
INSERT INTO `gms_order` VALUES ('214', '04', '13873230126', '2023-06-12', 17, 18, 1, '2023-06-12 15:36:15', 50.0000000000);
INSERT INTO `gms_order` VALUES ('215', '17', '15572210568', '2023-06-21', 13, 14, 0, '2023-06-21 15:53:30', 50.0000000000);
INSERT INTO `gms_order` VALUES ('216', '13', '15973620880', '2023-06-04', 16, 17, 0, '2023-06-04 11:55:37', 50.0000000000);
INSERT INTO `gms_order` VALUES ('217', '16', '18371149509', '2023-06-07', 16, 17, 0, '2023-06-07 18:55:40', 50.0000000000);
INSERT INTO `gms_order` VALUES ('218', '18', '13535047018', '2023-06-09', 10, 11, 0, '2023-06-09 21:26:22', 50.0000000000);
INSERT INTO `gms_order` VALUES ('219', '33', '15016093698', '2023-06-18', 15, 16, 0, '2023-06-18 11:29:27', 50.0000000000);
INSERT INTO `gms_order` VALUES ('22', '06', '13848527450', '2023-06-18', 17, 18, 0, '2023-06-18 11:34:21', 50.0000000000);
INSERT INTO `gms_order` VALUES ('220', '13', '13848527450', '2023-06-23', 15, 16, 0, '2023-06-23 21:35:44', 50.0000000000);
INSERT INTO `gms_order` VALUES ('221', '37', '13848527450', '2023-06-09', 19, 20, 0, '2023-06-09 19:14:27', 50.0000000000);
INSERT INTO `gms_order` VALUES ('222', '05', '13966548778', '2023-06-11', 12, 13, 0, '2023-06-11 22:53:16', 50.0000000000);
INSERT INTO `gms_order` VALUES ('223', '15', '15916515440', '2023-06-05', 15, 16, 1, '2023-06-05 19:43:52', 50.0000000000);
INSERT INTO `gms_order` VALUES ('224', '18', '15016093698', '2023-06-13', 16, 17, 0, '2023-06-13 21:21:55', 50.0000000000);
INSERT INTO `gms_order` VALUES ('225', '24', '18371149509', '2023-06-18', 15, 16, 0, '2023-06-18 22:53:51', 50.0000000000);
INSERT INTO `gms_order` VALUES ('226', '26', '13363679129', '2023-06-27', 15, 16, 0, '2023-06-27 22:56:50', 50.0000000000);
INSERT INTO `gms_order` VALUES ('227', '16', '15985848273', '2023-06-01', 12, 13, 2, '2023-06-01 12:37:29', 50.0000000000);
INSERT INTO `gms_order` VALUES ('228', '27', '13873230126', '2023-06-23', 17, 18, 0, '2023-06-23 12:11:47', 50.0000000000);
INSERT INTO `gms_order` VALUES ('229', '41', '18970952968', '2023-06-20', 15, 16, 0, '2023-06-20 17:22:33', 400.0000000000);
INSERT INTO `gms_order` VALUES ('23', '04', '13573585758', '2023-06-13', 17, 18, 0, '2023-06-13 12:26:42', 50.0000000000);
INSERT INTO `gms_order` VALUES ('230', '09', '15973620880', '2023-06-15', 18, 19, 0, '2023-06-15 15:45:37', 50.0000000000);
INSERT INTO `gms_order` VALUES ('231', '15', '15016093698', '2023-06-30', 14, 15, 0, '2023-06-30 14:14:47', 50.0000000000);
INSERT INTO `gms_order` VALUES ('232', '08', '13363679129', '2023-06-26', 15, 16, 0, '2023-06-26 23:52:44', 50.0000000000);
INSERT INTO `gms_order` VALUES ('233', '31', '13190260679', '2023-06-04', 12, 13, 0, '2023-06-04 11:13:35', 50.0000000000);
INSERT INTO `gms_order` VALUES ('234', '33', '18371149509', '2023-06-17', 17, 18, 1, '2023-06-17 11:42:56', 50.0000000000);
INSERT INTO `gms_order` VALUES ('235', '14', '15893810236', '2023-06-16', 13, 14, 0, '2023-06-16 21:32:39', 50.0000000000);
INSERT INTO `gms_order` VALUES ('236', '35', '15675478738', '2023-06-09', 18, 19, 0, '2023-06-09 11:11:58', 50.0000000000);
INSERT INTO `gms_order` VALUES ('237', '17', '15916515440', '2023-06-29', 14, 15, 0, '2023-06-29 14:53:50', 50.0000000000);
INSERT INTO `gms_order` VALUES ('238', '22', '13873230126', '2023-06-29', 19, 20, 0, '2023-06-29 13:34:38', 50.0000000000);
INSERT INTO `gms_order` VALUES ('239', '17', '15675478738', '2023-06-18', 16, 17, 1, '2023-06-18 18:22:32', 50.0000000000);
INSERT INTO `gms_order` VALUES ('24', '16', '13848527450', '2023-06-15', 18, 19, 1, '2023-06-15 12:22:36', 50.0000000000);
INSERT INTO `gms_order` VALUES ('240', '37', '13915147796', '2023-06-24', 18, 19, 0, '2023-06-24 11:53:53', 50.0000000000);
INSERT INTO `gms_order` VALUES ('241', '41', '13363679129', '2023-06-27', 13, 14, 0, '2023-06-27 17:53:13', 400.0000000000);
INSERT INTO `gms_order` VALUES ('242', '35', '15916515440', '2023-06-09', 13, 14, 0, '2023-06-09 11:50:50', 50.0000000000);
INSERT INTO `gms_order` VALUES ('243', '13', '13966548778', '2023-06-20', 15, 16, 0, '2023-06-20 18:18:56', 50.0000000000);
INSERT INTO `gms_order` VALUES ('244', '04', '15154336237', '2023-06-27', 15, 16, 0, '2023-06-27 14:39:38', 50.0000000000);
INSERT INTO `gms_order` VALUES ('245', '18', '13848527450', '2023-06-09', 13, 14, 0, '2023-06-09 13:20:22', 50.0000000000);
INSERT INTO `gms_order` VALUES ('246', '18', '15675478738', '2023-06-14', 15, 16, 0, '2023-06-14 23:38:46', 50.0000000000);
INSERT INTO `gms_order` VALUES ('247', '28', '18970952968', '2023-06-30', 18, 19, 0, '2023-06-30 21:45:53', 50.0000000000);
INSERT INTO `gms_order` VALUES ('248', '06', '13873230126', '2023-06-03', 18, 19, 2, '2023-06-03 12:45:51', 50.0000000000);
INSERT INTO `gms_order` VALUES ('249', '31', '18970952968', '2023-06-27', 16, 17, 0, '2023-06-27 18:28:31', 50.0000000000);
INSERT INTO `gms_order` VALUES ('25', '23', '15723403455', '2023-06-27', 14, 15, 0, '2023-06-27 18:28:53', 50.0000000000);
INSERT INTO `gms_order` VALUES ('250', '19', '15973620880', '2023-06-01', 13, 14, 1, '2023-06-01 20:30:42', 50.0000000000);
INSERT INTO `gms_order` VALUES ('251', '14', '15154336237', '2023-06-25', 19, 20, 0, '2023-06-25 17:58:18', 50.0000000000);
INSERT INTO `gms_order` VALUES ('252', '35', '18371149509', '2023-06-10', 12, 13, 0, '2023-06-10 19:50:34', 50.0000000000);
INSERT INTO `gms_order` VALUES ('253', '26', '13535047018', '2023-06-12', 15, 16, 0, '2023-06-12 14:54:30', 50.0000000000);
INSERT INTO `gms_order` VALUES ('254', '33', '13363679129', '2023-06-13', 18, 19, 0, '2023-06-13 17:18:57', 50.0000000000);
INSERT INTO `gms_order` VALUES ('255', '12', '13363679129', '2023-06-28', 19, 20, 0, '2023-06-28 10:12:47', 50.0000000000);
INSERT INTO `gms_order` VALUES ('256', '17', '15973620880', '2023-06-13', 13, 14, 0, '2023-06-13 20:38:14', 50.0000000000);
INSERT INTO `gms_order` VALUES ('257', '01', '13966548778', '2023-06-06', 17, 18, 0, '2023-06-06 18:51:50', 500.0000000000);
INSERT INTO `gms_order` VALUES ('258', '25', '15572210568', '2023-06-16', 11, 12, 0, '2023-06-16 22:42:29', 50.0000000000);
INSERT INTO `gms_order` VALUES ('259', '27', '13535047018', '2023-06-10', 15, 16, 0, '2023-06-10 17:19:19', 50.0000000000);
INSERT INTO `gms_order` VALUES ('26', '24', '15893810236', '2023-06-30', 15, 16, 0, '2023-06-30 13:10:26', 50.0000000000);
INSERT INTO `gms_order` VALUES ('260', '11', '15016093698', '2023-06-15', 18, 19, 0, '2023-06-15 23:10:14', 50.0000000000);
INSERT INTO `gms_order` VALUES ('261', '22', '13873230126', '2023-06-05', 17, 18, 0, '2023-06-05 13:38:38', 50.0000000000);
INSERT INTO `gms_order` VALUES ('262', '16', '15675478738', '2023-06-24', 18, 19, 0, '2023-06-24 18:26:11', 50.0000000000);
INSERT INTO `gms_order` VALUES ('263', '27', '15916515440', '2023-06-24', 12, 13, 0, '2023-06-24 14:34:21', 50.0000000000);
INSERT INTO `gms_order` VALUES ('264', '02', '13873230126', '2023-06-24', 12, 13, 0, '2023-06-24 18:47:47', 500.0000000000);
INSERT INTO `gms_order` VALUES ('265', '09', '15016093698', '2023-06-19', 14, 15, 0, '2023-06-19 14:43:35', 50.0000000000);
INSERT INTO `gms_order` VALUES ('266', '39', '15252184024', '2023-06-08', 15, 16, 0, '2023-06-08 21:57:10', 30.0000000000);
INSERT INTO `gms_order` VALUES ('267', '15', '13573585758', '2023-06-11', 18, 19, 1, '2023-06-11 20:57:46', 50.0000000000);
INSERT INTO `gms_order` VALUES ('268', '23', '18970952968', '2023-06-18', 19, 20, 0, '2023-06-18 21:39:57', 50.0000000000);
INSERT INTO `gms_order` VALUES ('269', '21', '13915147796', '2023-06-11', 15, 16, 0, '2023-06-11 19:48:46', 50.0000000000);
INSERT INTO `gms_order` VALUES ('27', '20', '15916515440', '2023-06-06', 16, 17, 0, '2023-06-06 10:34:18', 50.0000000000);
INSERT INTO `gms_order` VALUES ('270', '32', '15985848273', '2023-06-28', 15, 16, 0, '2023-06-28 22:53:28', 50.0000000000);
INSERT INTO `gms_order` VALUES ('271', '27', '18970952968', '2023-06-15', 13, 14, 0, '2023-06-15 15:59:10', 50.0000000000);
INSERT INTO `gms_order` VALUES ('272', '25', '15916515440', '2023-06-25', 16, 17, 0, '2023-06-25 23:41:14', 50.0000000000);
INSERT INTO `gms_order` VALUES ('273', '22', '15916515440', '2023-06-06', 15, 16, 0, '2023-06-06 18:33:33', 50.0000000000);
INSERT INTO `gms_order` VALUES ('274', '06', '13363679129', '2023-06-15', 16, 17, 0, '2023-06-15 11:11:49', 50.0000000000);
INSERT INTO `gms_order` VALUES ('275', '27', '15675478738', '2023-06-20', 12, 13, 0, '2023-06-20 19:13:16', 50.0000000000);
INSERT INTO `gms_order` VALUES ('276', '23', '15572210568', '2023-06-24', 16, 17, 0, '2023-06-24 22:21:30', 50.0000000000);
INSERT INTO `gms_order` VALUES ('277', '18', '13363679129', '2023-06-25', 14, 15, 1, '2023-06-25 22:46:32', 50.0000000000);
INSERT INTO `gms_order` VALUES ('278', '16', '13966548778', '2023-06-12', 19, 20, 0, '2023-06-12 13:29:51', 50.0000000000);
INSERT INTO `gms_order` VALUES ('279', '19', '15572210568', '2023-06-07', 15, 16, 0, '2023-06-07 15:11:15', 50.0000000000);
INSERT INTO `gms_order` VALUES ('28', '26', '13363679129', '2023-06-13', 15, 16, 0, '2023-06-13 14:53:34', 50.0000000000);
INSERT INTO `gms_order` VALUES ('280', '21', '15252184024', '2023-06-16', 16, 17, 0, '2023-06-16 20:12:39', 50.0000000000);
INSERT INTO `gms_order` VALUES ('281', '13', '18970952968', '2023-06-07', 14, 15, 0, '2023-06-07 10:59:19', 50.0000000000);
INSERT INTO `gms_order` VALUES ('282', '30', '15893810236', '2023-06-10', 16, 17, 1, '2023-06-10 21:47:59', 50.0000000000);
INSERT INTO `gms_order` VALUES ('283', '02', '15016093698', '2023-06-21', 13, 14, 0, '2023-06-21 23:32:36', 500.0000000000);
INSERT INTO `gms_order` VALUES ('284', '33', '13573585758', '2023-06-17', 15, 16, 1, '2023-06-17 21:11:39', 50.0000000000);
INSERT INTO `gms_order` VALUES ('285', '41', '13966548778', '2023-06-21', 15, 16, 0, '2023-06-21 21:35:56', 400.0000000000);
INSERT INTO `gms_order` VALUES ('286', '24', '15154336237', '2023-06-07', 15, 16, 0, '2023-06-07 13:25:36', 50.0000000000);
INSERT INTO `gms_order` VALUES ('287', '23', '18371149509', '2023-06-18', 17, 18, 0, '2023-06-18 23:35:36', 50.0000000000);
INSERT INTO `gms_order` VALUES ('288', '07', '15675478738', '2023-06-14', 15, 16, 0, '2023-06-14 23:27:49', 50.0000000000);
INSERT INTO `gms_order` VALUES ('289', '29', '13915147796', '2023-06-25', 13, 14, 0, '2023-06-25 21:22:49', 50.0000000000);
INSERT INTO `gms_order` VALUES ('29', '38', '13848527450', '2023-06-02', 14, 15, 2, '2023-06-02 18:58:37', 50.0000000000);
INSERT INTO `gms_order` VALUES ('290', '07', '15973620880', '2023-06-02', 13, 14, 2, '2023-06-02 12:53:34', 50.0000000000);
INSERT INTO `gms_order` VALUES ('291', '18', '15675478738', '2023-06-16', 15, 16, 0, '2023-06-16 14:53:59', 50.0000000000);
INSERT INTO `gms_order` VALUES ('292', '23', '15252184024', '2023-06-18', 16, 17, 0, '2023-06-18 12:11:54', 50.0000000000);
INSERT INTO `gms_order` VALUES ('293', '02', '18371149509', '2023-06-06', 17, 18, 0, '2023-06-06 23:52:32', 500.0000000000);
INSERT INTO `gms_order` VALUES ('294', '40', '15154336237', '2023-06-18', 16, 17, 0, '2023-06-18 15:17:22', 400.0000000000);
INSERT INTO `gms_order` VALUES ('295', '03', '13363679129', '2023-06-01', 17, 18, 2, '2023-06-01 16:15:11', 50.0000000000);
INSERT INTO `gms_order` VALUES ('296', '29', '15973620880', '2023-06-15', 16, 17, 0, '2023-06-15 20:49:13', 50.0000000000);
INSERT INTO `gms_order` VALUES ('297', '29', '13363679129', '2023-06-30', 13, 14, 1, '2023-06-30 13:11:32', 50.0000000000);
INSERT INTO `gms_order` VALUES ('298', '35', '13363679129', '2023-06-26', 18, 19, 0, '2023-06-26 18:40:53', 50.0000000000);
INSERT INTO `gms_order` VALUES ('299', '32', '13966548778', '2023-06-25', 10, 11, 0, '2023-06-25 18:49:33', 50.0000000000);
INSERT INTO `gms_order` VALUES ('3', '04', '15893810236', '2023-06-30', 16, 17, 0, '2023-06-30 16:36:26', 50.0000000000);
INSERT INTO `gms_order` VALUES ('30', '09', '15893810236', '2023-06-10', 13, 14, 0, '2023-06-10 16:36:15', 50.0000000000);
INSERT INTO `gms_order` VALUES ('300', '14', '15723403455', '2023-06-21', 15, 16, 0, '2023-06-21 20:15:10', 50.0000000000);
INSERT INTO `gms_order` VALUES ('301', '01', '13873230126', '2023-06-27', 14, 15, 0, '2023-06-27 10:33:59', 500.0000000000);
INSERT INTO `gms_order` VALUES ('302', '11', '15916515440', '2023-06-03', 18, 19, 2, '2023-06-03 13:20:54', 50.0000000000);
INSERT INTO `gms_order` VALUES ('303', '41', '15154336237', '2023-06-04', 14, 15, 0, '2023-06-04 15:29:46', 400.0000000000);
INSERT INTO `gms_order` VALUES ('304', '15', '13363679129', '2023-06-28', 14, 15, 0, '2023-06-28 13:57:19', 50.0000000000);
INSERT INTO `gms_order` VALUES ('305', '15', '13873230126', '2023-06-10', 16, 17, 1, '2023-06-10 22:50:37', 50.0000000000);
INSERT INTO `gms_order` VALUES ('306', '06', '13535047018', '2023-06-23', 18, 19, 0, '2023-06-23 15:48:11', 50.0000000000);
INSERT INTO `gms_order` VALUES ('307', '23', '15985848273', '2023-06-23', 19, 20, 0, '2023-06-23 18:49:56', 50.0000000000);
INSERT INTO `gms_order` VALUES ('308', '21', '13573585758', '2023-06-13', 14, 15, 0, '2023-06-13 12:15:23', 50.0000000000);
INSERT INTO `gms_order` VALUES ('309', '01', '15154336237', '2023-06-17', 17, 18, 1, '2023-06-17 11:52:39', 500.0000000000);
INSERT INTO `gms_order` VALUES ('31', '32', '13573585758', '2023-06-23', 19, 20, 1, '2023-06-23 16:23:21', 50.0000000000);
INSERT INTO `gms_order` VALUES ('310', '41', '15154336237', '2023-06-21', 18, 19, 0, '2023-06-21 11:24:38', 400.0000000000);
INSERT INTO `gms_order` VALUES ('311', '27', '13363679129', '2023-06-04', 18, 19, 0, '2023-06-04 20:25:47', 50.0000000000);
INSERT INTO `gms_order` VALUES ('312', '34', '15985848273', '2023-06-02', 15, 16, 1, '2023-06-02 12:52:38', 50.0000000000);
INSERT INTO `gms_order` VALUES ('313', '08', '15016093698', '2023-06-22', 15, 16, 0, '2023-06-22 12:30:57', 50.0000000000);
INSERT INTO `gms_order` VALUES ('314', '11', '13915147796', '2023-06-24', 19, 20, 0, '2023-06-24 21:46:33', 50.0000000000);
INSERT INTO `gms_order` VALUES ('315', '03', '13966548778', '2023-06-08', 17, 18, 0, '2023-06-08 14:31:28', 50.0000000000);
INSERT INTO `gms_order` VALUES ('316', '32', '13915147796', '2023-06-27', 10, 11, 0, '2023-06-27 13:55:29', 50.0000000000);
INSERT INTO `gms_order` VALUES ('317', '09', '15973620880', '2023-06-05', 16, 17, 0, '2023-06-05 23:18:12', 50.0000000000);
INSERT INTO `gms_order` VALUES ('318', '38', '15252184024', '2023-06-16', 13, 14, 0, '2023-06-16 14:36:56', 50.0000000000);
INSERT INTO `gms_order` VALUES ('319', '02', '15985848273', '2023-06-11', 15, 16, 0, '2023-06-11 17:24:40', 500.0000000000);
INSERT INTO `gms_order` VALUES ('32', '21', '18970952968', '2023-06-12', 18, 19, 0, '2023-06-12 15:59:29', 50.0000000000);
INSERT INTO `gms_order` VALUES ('320', '14', '15675478738', '2023-06-12', 13, 14, 0, '2023-06-12 18:44:43', 50.0000000000);
INSERT INTO `gms_order` VALUES ('321', '07', '15154336237', '2023-06-02', 14, 15, 2, '2023-06-02 12:43:35', 50.0000000000);
INSERT INTO `gms_order` VALUES ('322', '18', '15016093698', '2023-06-28', 16, 17, 0, '2023-06-28 14:40:42', 50.0000000000);
INSERT INTO `gms_order` VALUES ('323', '40', '15675478738', '2023-06-27', 16, 17, 0, '2023-06-27 16:59:32', 400.0000000000);
INSERT INTO `gms_order` VALUES ('324', '38', '13573585758', '2023-06-30', 15, 16, 0, '2023-06-30 19:40:25', 50.0000000000);
INSERT INTO `gms_order` VALUES ('325', '01', '13873230126', '2023-06-08', 17, 18, 0, '2023-06-08 11:46:13', 500.0000000000);
INSERT INTO `gms_order` VALUES ('326', '13', '13848527450', '2023-06-21', 17, 18, 0, '2023-06-21 22:36:48', 50.0000000000);
INSERT INTO `gms_order` VALUES ('327', '16', '18371149509', '2023-06-22', 17, 18, 1, '2023-06-22 14:10:19', 50.0000000000);
INSERT INTO `gms_order` VALUES ('328', '06', '13915147796', '2023-06-17', 13, 14, 0, '2023-06-17 23:36:38', 50.0000000000);
INSERT INTO `gms_order` VALUES ('329', '07', '15723403455', '2023-06-26', 17, 18, 0, '2023-06-26 11:39:19', 50.0000000000);
INSERT INTO `gms_order` VALUES ('33', '19', '15916515440', '2023-06-22', 14, 15, 1, '2023-06-22 12:32:44', 50.0000000000);
INSERT INTO `gms_order` VALUES ('330', '33', '13573585758', '2023-06-22', 16, 17, 0, '2023-06-22 16:30:16', 50.0000000000);
INSERT INTO `gms_order` VALUES ('331', '08', '15916515440', '2023-06-03', 10, 11, 2, '2023-06-03 11:11:48', 50.0000000000);
INSERT INTO `gms_order` VALUES ('332', '14', '15016093698', '2023-06-19', 14, 15, 1, '2023-06-19 17:48:42', 50.0000000000);
INSERT INTO `gms_order` VALUES ('333', '12', '13573585758', '2023-06-07', 19, 20, 0, '2023-06-07 10:58:47', 50.0000000000);
INSERT INTO `gms_order` VALUES ('334', '25', '15723403455', '2023-06-07', 18, 19, 1, '2023-06-07 23:55:57', 50.0000000000);
INSERT INTO `gms_order` VALUES ('335', '32', '18970952968', '2023-06-13', 11, 12, 0, '2023-06-13 21:41:29', 50.0000000000);
INSERT INTO `gms_order` VALUES ('336', '07', '18970952968', '2023-06-11', 11, 12, 0, '2023-06-11 14:32:34', 50.0000000000);
INSERT INTO `gms_order` VALUES ('337', '39', '15723403455', '2023-06-14', 13, 14, 0, '2023-06-14 12:43:24', 30.0000000000);
INSERT INTO `gms_order` VALUES ('338', '15', '15016093698', '2023-06-16', 13, 14, 0, '2023-06-16 21:26:29', 50.0000000000);
INSERT INTO `gms_order` VALUES ('339', '01', '18970952968', '2023-06-03', 13, 14, 2, '2023-06-03 15:14:28', 500.0000000000);
INSERT INTO `gms_order` VALUES ('34', '23', '13363679129', '2023-06-06', 19, 20, 0, '2023-06-06 21:12:50', 50.0000000000);
INSERT INTO `gms_order` VALUES ('340', '41', '18970952968', '2023-06-14', 15, 16, 0, '2023-06-14 21:51:30', 400.0000000000);
INSERT INTO `gms_order` VALUES ('341', '25', '13535047018', '2023-06-03', 19, 20, 0, '2023-06-03 11:38:26', 50.0000000000);
INSERT INTO `gms_order` VALUES ('342', '12', '15973620880', '2023-06-30', 13, 14, 0, '2023-06-30 18:12:34', 50.0000000000);
INSERT INTO `gms_order` VALUES ('343', '22', '13535047018', '2023-06-22', 17, 18, 0, '2023-06-22 16:16:39', 50.0000000000);
INSERT INTO `gms_order` VALUES ('344', '18', '13966548778', '2023-06-07', 12, 13, 1, '2023-06-07 21:24:52', 50.0000000000);
INSERT INTO `gms_order` VALUES ('345', '32', '15893810236', '2023-06-23', 14, 15, 0, '2023-06-23 15:19:31', 50.0000000000);
INSERT INTO `gms_order` VALUES ('346', '35', '13535047018', '2023-06-07', 16, 17, 1, '2023-06-07 20:42:33', 50.0000000000);
INSERT INTO `gms_order` VALUES ('347', '01', '15916515440', '2023-06-28', 13, 14, 0, '2023-06-28 15:18:38', 500.0000000000);
INSERT INTO `gms_order` VALUES ('348', '14', '18970952968', '2023-06-04', 16, 17, 0, '2023-06-04 15:45:41', 50.0000000000);
INSERT INTO `gms_order` VALUES ('349', '12', '15916515440', '2023-06-28', 16, 17, 1, '2023-06-28 20:23:48', 50.0000000000);
INSERT INTO `gms_order` VALUES ('35', '23', '15916515440', '2023-06-27', 17, 18, 0, '2023-06-27 21:41:26', 50.0000000000);
INSERT INTO `gms_order` VALUES ('350', '32', '15154336237', '2023-06-14', 19, 20, 1, '2023-06-14 14:54:42', 50.0000000000);
INSERT INTO `gms_order` VALUES ('351', '17', '18371149509', '2023-06-13', 14, 15, 0, '2023-06-13 19:11:20', 50.0000000000);
INSERT INTO `gms_order` VALUES ('352', '15', '13363679129', '2023-06-12', 16, 17, 0, '2023-06-12 15:22:42', 50.0000000000);
INSERT INTO `gms_order` VALUES ('353', '03', '15723403455', '2023-06-19', 16, 17, 0, '2023-06-19 14:28:52', 50.0000000000);
INSERT INTO `gms_order` VALUES ('354', '18', '13966548778', '2023-06-20', 17, 18, 0, '2023-06-20 23:12:29', 50.0000000000);
INSERT INTO `gms_order` VALUES ('355', '23', '13966548778', '2023-06-01', 18, 19, 1, '2023-06-01 13:28:27', 50.0000000000);
INSERT INTO `gms_order` VALUES ('356', '08', '15985848273', '2023-06-20', 12, 13, 0, '2023-06-20 10:29:57', 50.0000000000);
INSERT INTO `gms_order` VALUES ('357', '41', '15675478738', '2023-06-26', 17, 18, 0, '2023-06-26 15:15:26', 400.0000000000);
INSERT INTO `gms_order` VALUES ('358', '17', '15572210568', '2023-06-27', 13, 14, 0, '2023-06-27 15:41:43', 50.0000000000);
INSERT INTO `gms_order` VALUES ('359', '40', '13363679129', '2023-06-28', 19, 20, 1, '2023-06-28 14:42:27', 400.0000000000);
INSERT INTO `gms_order` VALUES ('36', '13', '15572210568', '2023-06-01', 17, 18, 1, '2023-06-01 23:44:54', 50.0000000000);
INSERT INTO `gms_order` VALUES ('360', '18', '13848527450', '2023-06-29', 12, 13, 1, '2023-06-29 22:15:43', 50.0000000000);
INSERT INTO `gms_order` VALUES ('361', '28', '15675478738', '2023-06-28', 17, 18, 0, '2023-06-28 15:18:19', 50.0000000000);
INSERT INTO `gms_order` VALUES ('362', '37', '13190260679', '2023-06-07', 17, 18, 1, '2023-06-07 10:23:58', 50.0000000000);
INSERT INTO `gms_order` VALUES ('363', '37', '15916515440', '2023-06-19', 19, 20, 1, '2023-06-19 12:55:36', 50.0000000000);
INSERT INTO `gms_order` VALUES ('364', '13', '15252184024', '2023-06-08', 17, 18, 0, '2023-06-08 20:28:46', 50.0000000000);
INSERT INTO `gms_order` VALUES ('365', '07', '15016093698', '2023-06-27', 12, 13, 0, '2023-06-27 12:27:58', 50.0000000000);
INSERT INTO `gms_order` VALUES ('366', '23', '13915147796', '2023-06-01', 17, 18, 2, '2023-06-01 21:16:46', 50.0000000000);
INSERT INTO `gms_order` VALUES ('367', '25', '15723403455', '2023-06-17', 16, 17, 0, '2023-06-17 19:52:46', 50.0000000000);
INSERT INTO `gms_order` VALUES ('368', '18', '15154336237', '2023-06-20', 15, 16, 0, '2023-06-20 15:18:43', 50.0000000000);
INSERT INTO `gms_order` VALUES ('369', '09', '18970952968', '2023-06-14', 17, 18, 0, '2023-06-14 18:40:43', 50.0000000000);
INSERT INTO `gms_order` VALUES ('37', '02', '13873230126', '2023-06-23', 16, 17, 0, '2023-06-23 23:52:33', 500.0000000000);
INSERT INTO `gms_order` VALUES ('370', '25', '13873230126', '2023-06-12', 12, 13, 1, '2023-06-12 14:22:36', 50.0000000000);
INSERT INTO `gms_order` VALUES ('371', '41', '13848527450', '2023-06-18', 17, 18, 0, '2023-06-18 21:52:25', 400.0000000000);
INSERT INTO `gms_order` VALUES ('372', '21', '13873230126', '2023-06-25', 14, 15, 0, '2023-06-25 20:13:45', 50.0000000000);
INSERT INTO `gms_order` VALUES ('373', '16', '15675478738', '2023-06-22', 13, 14, 0, '2023-06-22 21:48:24', 50.0000000000);
INSERT INTO `gms_order` VALUES ('374', '11', '13190260679', '2023-06-20', 15, 16, 1, '2023-06-20 12:26:56', 50.0000000000);
INSERT INTO `gms_order` VALUES ('375', '13', '18970952968', '2023-06-10', 17, 18, 0, '2023-06-10 23:23:25', 50.0000000000);
INSERT INTO `gms_order` VALUES ('376', '07', '13873230126', '2023-06-30', 13, 14, 0, '2023-06-30 22:14:10', 50.0000000000);
INSERT INTO `gms_order` VALUES ('377', '05', '13363679129', '2023-06-28', 15, 16, 0, '2023-06-28 18:13:27', 50.0000000000);
INSERT INTO `gms_order` VALUES ('378', '18', '15973620880', '2023-06-08', 14, 15, 0, '2023-06-08 17:31:40', 50.0000000000);
INSERT INTO `gms_order` VALUES ('379', '02', '15973620880', '2023-06-08', 12, 13, 0, '2023-06-08 22:55:49', 500.0000000000);
INSERT INTO `gms_order` VALUES ('38', '41', '13966548778', '2023-06-25', 15, 16, 0, '2023-06-25 14:19:53', 400.0000000000);
INSERT INTO `gms_order` VALUES ('380', '36', '15973620880', '2023-06-20', 15, 16, 1, '2023-06-20 16:59:52', 50.0000000000);
INSERT INTO `gms_order` VALUES ('381', '01', '13535047018', '2023-06-25', 13, 14, 0, '2023-06-25 10:22:20', 500.0000000000);
INSERT INTO `gms_order` VALUES ('382', '23', '15154336237', '2023-06-19', 18, 19, 0, '2023-06-19 11:28:30', 50.0000000000);
INSERT INTO `gms_order` VALUES ('383', '37', '15723403455', '2023-06-20', 18, 19, 0, '2023-06-20 12:11:18', 50.0000000000);
INSERT INTO `gms_order` VALUES ('384', '38', '15893810236', '2023-06-22', 15, 16, 0, '2023-06-22 16:42:18', 50.0000000000);
INSERT INTO `gms_order` VALUES ('385', '17', '15893810236', '2023-06-18', 17, 18, 1, '2023-06-18 21:20:54', 50.0000000000);
INSERT INTO `gms_order` VALUES ('386', '27', '15016093698', '2023-06-27', 15, 16, 0, '2023-06-27 10:24:38', 50.0000000000);
INSERT INTO `gms_order` VALUES ('387', '21', '13966548778', '2023-06-27', 16, 17, 1, '2023-06-27 19:12:46', 50.0000000000);
INSERT INTO `gms_order` VALUES ('388', '23', '13363679129', '2023-06-07', 14, 15, 0, '2023-06-07 19:38:32', 50.0000000000);
INSERT INTO `gms_order` VALUES ('389', '08', '13363679129', '2023-06-25', 10, 11, 0, '2023-06-25 16:13:45', 50.0000000000);
INSERT INTO `gms_order` VALUES ('39', '35', '13915147796', '2023-06-08', 14, 15, 1, '2023-06-08 13:20:15', 50.0000000000);
INSERT INTO `gms_order` VALUES ('390', '14', '15154336237', '2023-06-20', 15, 16, 0, '2023-06-20 13:38:58', 50.0000000000);
INSERT INTO `gms_order` VALUES ('391', '29', '13363679129', '2023-06-21', 16, 17, 0, '2023-06-21 17:46:43', 50.0000000000);
INSERT INTO `gms_order` VALUES ('392', '32', '15893810236', '2023-06-01', 18, 19, 2, '2023-06-01 17:51:20', 50.0000000000);
INSERT INTO `gms_order` VALUES ('393', '05', '15985848273', '2023-06-21', 14, 15, 0, '2023-06-21 21:47:58', 50.0000000000);
INSERT INTO `gms_order` VALUES ('394', '18', '15252184024', '2023-06-13', 14, 15, 0, '2023-06-13 21:39:21', 50.0000000000);
INSERT INTO `gms_order` VALUES ('395', '03', '15723403455', '2023-06-22', 18, 19, 0, '2023-06-22 11:45:23', 50.0000000000);
INSERT INTO `gms_order` VALUES ('396', '15', '13535047018', '2023-06-16', 11, 12, 1, '2023-06-16 11:55:27', 50.0000000000);
INSERT INTO `gms_order` VALUES ('397', '19', '13573585758', '2023-06-11', 19, 20, 1, '2023-06-11 18:30:52', 50.0000000000);
INSERT INTO `gms_order` VALUES ('398', '07', '13873230126', '2023-06-29', 17, 18, 0, '2023-06-29 17:50:40', 50.0000000000);
INSERT INTO `gms_order` VALUES ('399', '21', '13848527450', '2023-06-04', 17, 18, 0, '2023-06-04 23:13:22', 50.0000000000);
INSERT INTO `gms_order` VALUES ('4', '37', '13915147796', '2023-06-14', 18, 19, 0, '2023-06-14 18:42:33', 50.0000000000);
INSERT INTO `gms_order` VALUES ('40', '21', '13535047018', '2023-06-30', 16, 17, 0, '2023-06-30 12:17:37', 50.0000000000);
INSERT INTO `gms_order` VALUES ('400', '17', '13573585758', '2023-06-13', 19, 20, 0, '2023-06-13 23:19:40', 50.0000000000);
INSERT INTO `gms_order` VALUES ('401', '20', '15675478738', '2023-06-26', 15, 16, 1, '2023-06-26 19:37:59', 50.0000000000);
INSERT INTO `gms_order` VALUES ('402', '25', '18371149509', '2023-06-01', 12, 13, 2, '2023-06-01 15:50:15', 50.0000000000);
INSERT INTO `gms_order` VALUES ('403', '41', '15723403455', '2023-06-18', 15, 16, 0, '2023-06-18 11:12:25', 400.0000000000);
INSERT INTO `gms_order` VALUES ('404', '36', '15893810236', '2023-06-03', 14, 15, 2, '2023-06-03 16:19:52', 50.0000000000);
INSERT INTO `gms_order` VALUES ('405', '03', '13573585758', '2023-06-15', 15, 16, 0, '2023-06-15 10:20:35', 50.0000000000);
INSERT INTO `gms_order` VALUES ('406', '28', '15973620880', '2023-06-10', 18, 19, 1, '2023-06-10 15:31:28', 50.0000000000);
INSERT INTO `gms_order` VALUES ('407', '15', '15675478738', '2023-06-29', 14, 15, 0, '2023-06-29 10:36:33', 50.0000000000);
INSERT INTO `gms_order` VALUES ('408', '11', '15973620880', '2023-06-19', 19, 20, 0, '2023-06-19 16:22:11', 50.0000000000);
INSERT INTO `gms_order` VALUES ('409', '30', '15973620880', '2023-06-01', 16, 17, 1, '2023-06-01 23:34:58', 50.0000000000);
INSERT INTO `gms_order` VALUES ('41', '21', '18970952968', '2023-06-04', 12, 13, 0, '2023-06-04 10:31:17', 50.0000000000);
INSERT INTO `gms_order` VALUES ('410', '07', '13190260679', '2023-06-01', 17, 18, 2, '2023-06-01 20:56:52', 50.0000000000);
INSERT INTO `gms_order` VALUES ('411', '04', '15985848273', '2023-06-29', 19, 20, 1, '2023-06-29 13:37:50', 50.0000000000);
INSERT INTO `gms_order` VALUES ('412', '34', '15675478738', '2023-06-20', 13, 14, 0, '2023-06-20 22:10:42', 50.0000000000);
INSERT INTO `gms_order` VALUES ('413', '17', '15252184024', '2023-06-19', 15, 16, 1, '2023-06-19 22:37:50', 50.0000000000);
INSERT INTO `gms_order` VALUES ('414', '41', '15973620880', '2023-06-09', 17, 18, 0, '2023-06-09 21:12:51', 400.0000000000);
INSERT INTO `gms_order` VALUES ('415', '23', '15572210568', '2023-06-25', 16, 17, 0, '2023-06-25 22:56:46', 50.0000000000);
INSERT INTO `gms_order` VALUES ('416', '19', '13915147796', '2023-06-05', 17, 18, 0, '2023-06-05 17:44:41', 50.0000000000);
INSERT INTO `gms_order` VALUES ('417', '18', '18371149509', '2023-06-27', 13, 14, 0, '2023-06-27 18:24:12', 50.0000000000);
INSERT INTO `gms_order` VALUES ('418', '39', '15154336237', '2023-06-22', 17, 18, 1, '2023-06-22 12:52:27', 30.0000000000);
INSERT INTO `gms_order` VALUES ('419', '08', '15675478738', '2023-06-06', 15, 16, 0, '2023-06-06 15:30:45', 50.0000000000);
INSERT INTO `gms_order` VALUES ('42', '25', '13363679129', '2023-06-12', 15, 16, 0, '2023-06-12 11:44:56', 50.0000000000);
INSERT INTO `gms_order` VALUES ('420', '38', '15252184024', '2023-06-13', 15, 16, 0, '2023-06-13 20:56:56', 50.0000000000);
INSERT INTO `gms_order` VALUES ('421', '39', '15016093698', '2023-06-21', 15, 16, 0, '2023-06-21 20:42:15', 30.0000000000);
INSERT INTO `gms_order` VALUES ('422', '41', '15985848273', '2023-06-28', 16, 17, 0, '2023-06-28 12:39:46', 400.0000000000);
INSERT INTO `gms_order` VALUES ('423', '37', '13535047018', '2023-06-27', 15, 16, 0, '2023-06-27 10:57:52', 50.0000000000);
INSERT INTO `gms_order` VALUES ('424', '15', '13873230126', '2023-06-11', 17, 18, 0, '2023-06-11 20:34:47', 50.0000000000);
INSERT INTO `gms_order` VALUES ('425', '30', '15916515440', '2023-06-26', 15, 16, 0, '2023-06-26 11:55:43', 50.0000000000);
INSERT INTO `gms_order` VALUES ('426', '38', '15675478738', '2023-06-19', 16, 17, 0, '2023-06-19 19:25:49', 50.0000000000);
INSERT INTO `gms_order` VALUES ('427', '07', '18970952968', '2023-06-03', 16, 17, 2, '2023-06-03 10:10:27', 50.0000000000);
INSERT INTO `gms_order` VALUES ('428', '37', '13915147796', '2023-06-26', 14, 15, 0, '2023-06-26 10:30:52', 50.0000000000);
INSERT INTO `gms_order` VALUES ('429', '15', '13873230126', '2023-06-29', 18, 19, 0, '2023-06-29 13:17:22', 50.0000000000);
INSERT INTO `gms_order` VALUES ('43', '30', '15985848273', '2023-06-06', 17, 18, 0, '2023-06-06 13:25:44', 50.0000000000);
INSERT INTO `gms_order` VALUES ('430', '17', '18970952968', '2023-06-03', 19, 20, 1, '2023-06-03 14:59:28', 50.0000000000);
INSERT INTO `gms_order` VALUES ('431', '01', '13573585758', '2023-06-10', 18, 19, 0, '2023-06-10 19:36:58', 500.0000000000);
INSERT INTO `gms_order` VALUES ('432', '11', '18970952968', '2023-06-21', 15, 16, 0, '2023-06-21 10:58:14', 50.0000000000);
INSERT INTO `gms_order` VALUES ('433', '23', '15572210568', '2023-06-28', 13, 14, 0, '2023-06-28 21:19:51', 50.0000000000);
INSERT INTO `gms_order` VALUES ('434', '27', '13535047018', '2023-06-14', 11, 12, 0, '2023-06-14 17:13:42', 50.0000000000);
INSERT INTO `gms_order` VALUES ('435', '30', '15154336237', '2023-06-11', 10, 11, 0, '2023-06-11 21:33:42', 50.0000000000);
INSERT INTO `gms_order` VALUES ('436', '03', '18371149509', '2023-06-27', 15, 16, 1, '2023-06-27 17:19:28', 50.0000000000);
INSERT INTO `gms_order` VALUES ('437', '40', '13573585758', '2023-06-16', 13, 14, 0, '2023-06-16 20:16:55', 400.0000000000);
INSERT INTO `gms_order` VALUES ('438', '41', '13915147796', '2023-06-09', 13, 14, 0, '2023-06-09 17:44:28', 400.0000000000);
INSERT INTO `gms_order` VALUES ('439', '36', '13848527450', '2023-06-05', 14, 15, 0, '2023-06-05 12:52:57', 50.0000000000);
INSERT INTO `gms_order` VALUES ('44', '25', '15723403455', '2023-06-25', 19, 20, 0, '2023-06-25 18:22:18', 50.0000000000);
INSERT INTO `gms_order` VALUES ('440', '12', '18371149509', '2023-06-18', 16, 17, 1, '2023-06-18 10:30:55', 50.0000000000);
INSERT INTO `gms_order` VALUES ('441', '23', '18371149509', '2023-06-06', 13, 14, 1, '2023-06-06 13:56:14', 50.0000000000);
INSERT INTO `gms_order` VALUES ('442', '41', '15675478738', '2023-06-13', 14, 15, 0, '2023-06-13 13:59:19', 400.0000000000);
INSERT INTO `gms_order` VALUES ('443', '31', '15154336237', '2023-06-16', 13, 14, 1, '2023-06-16 18:49:32', 50.0000000000);
INSERT INTO `gms_order` VALUES ('444', '23', '15016093698', '2023-06-22', 14, 15, 0, '2023-06-22 19:12:20', 50.0000000000);
INSERT INTO `gms_order` VALUES ('445', '20', '15985848273', '2023-06-23', 13, 14, 0, '2023-06-23 13:15:47', 50.0000000000);
INSERT INTO `gms_order` VALUES ('446', '04', '15572210568', '2023-06-04', 18, 19, 0, '2023-06-04 20:24:18', 50.0000000000);
INSERT INTO `gms_order` VALUES ('447', '33', '18371149509', '2023-06-01', 14, 15, 2, '2023-06-01 10:20:22', 50.0000000000);
INSERT INTO `gms_order` VALUES ('448', '23', '15154336237', '2023-06-30', 11, 12, 0, '2023-06-30 17:41:15', 50.0000000000);
INSERT INTO `gms_order` VALUES ('449', '29', '13363679129', '2023-06-29', 10, 11, 0, '2023-06-29 23:39:13', 50.0000000000);
INSERT INTO `gms_order` VALUES ('45', '16', '13873230126', '2023-06-10', 13, 14, 0, '2023-06-10 23:39:33', 50.0000000000);
INSERT INTO `gms_order` VALUES ('450', '04', '18371149509', '2023-06-24', 19, 20, 0, '2023-06-24 23:22:11', 50.0000000000);
INSERT INTO `gms_order` VALUES ('451', '11', '15154336237', '2023-06-07', 15, 16, 0, '2023-06-07 23:44:10', 50.0000000000);
INSERT INTO `gms_order` VALUES ('452', '17', '15973620880', '2023-06-20', 13, 14, 0, '2023-06-20 18:26:11', 50.0000000000);
INSERT INTO `gms_order` VALUES ('453', '10', '15916515440', '2023-06-22', 15, 16, 1, '2023-06-22 15:18:34', 50.0000000000);
INSERT INTO `gms_order` VALUES ('454', '30', '18371149509', '2023-06-04', 12, 13, 1, '2023-06-04 21:16:16', 50.0000000000);
INSERT INTO `gms_order` VALUES ('455', '24', '15723403455', '2023-06-10', 16, 17, 1, '2023-06-10 17:30:39', 50.0000000000);
INSERT INTO `gms_order` VALUES ('456', '12', '15252184024', '2023-06-10', 13, 14, 0, '2023-06-10 16:16:46', 50.0000000000);
INSERT INTO `gms_order` VALUES ('457', '21', '18970952968', '2023-06-17', 14, 15, 0, '2023-06-17 14:55:20', 50.0000000000);
INSERT INTO `gms_order` VALUES ('458', '33', '13873230126', '2023-06-23', 13, 14, 0, '2023-06-23 11:41:35', 50.0000000000);
INSERT INTO `gms_order` VALUES ('459', '25', '13848527450', '2023-06-08', 16, 17, 0, '2023-06-08 19:19:11', 50.0000000000);
INSERT INTO `gms_order` VALUES ('46', '31', '13190260679', '2023-06-21', 12, 13, 0, '2023-06-21 12:17:59', 50.0000000000);
INSERT INTO `gms_order` VALUES ('460', '08', '13915147796', '2023-06-05', 13, 14, 1, '2023-06-05 12:49:47', 50.0000000000);
INSERT INTO `gms_order` VALUES ('461', '41', '13573585758', '2023-06-12', 15, 16, 1, '2023-06-12 11:14:36', 400.0000000000);
INSERT INTO `gms_order` VALUES ('462', '37', '15252184024', '2023-06-23', 18, 19, 1, '2023-06-23 20:50:32', 50.0000000000);
INSERT INTO `gms_order` VALUES ('463', '39', '13190260679', '2023-06-30', 14, 15, 0, '2023-06-30 16:37:20', 30.0000000000);
INSERT INTO `gms_order` VALUES ('464', '04', '15252184024', '2023-06-11', 19, 20, 0, '2023-06-11 23:34:54', 50.0000000000);
INSERT INTO `gms_order` VALUES ('465', '09', '15252184024', '2023-06-02', 16, 17, 2, '2023-06-02 18:59:10', 50.0000000000);
INSERT INTO `gms_order` VALUES ('466', '04', '13363679129', '2023-06-08', 18, 19, 1, '2023-06-08 16:33:57', 50.0000000000);
INSERT INTO `gms_order` VALUES ('467', '34', '13915147796', '2023-06-18', 14, 15, 1, '2023-06-18 10:14:48', 50.0000000000);
INSERT INTO `gms_order` VALUES ('468', '03', '15572210568', '2023-06-01', 14, 15, 2, '2023-06-01 12:17:44', 50.0000000000);
INSERT INTO `gms_order` VALUES ('469', '20', '15252184024', '2023-06-12', 17, 18, 1, '2023-06-12 15:28:29', 50.0000000000);
INSERT INTO `gms_order` VALUES ('47', '08', '13848527450', '2023-06-20', 10, 11, 0, '2023-06-20 23:19:38', 50.0000000000);
INSERT INTO `gms_order` VALUES ('470', '04', '13363679129', '2023-06-01', 15, 16, 1, '2023-06-01 20:45:25', 50.0000000000);
INSERT INTO `gms_order` VALUES ('471', '18', '13190260679', '2023-06-01', 14, 15, 1, '2023-06-01 12:20:31', 50.0000000000);
INSERT INTO `gms_order` VALUES ('472', '24', '13915147796', '2023-06-08', 15, 16, 0, '2023-06-08 15:56:27', 50.0000000000);
INSERT INTO `gms_order` VALUES ('473', '25', '13848527450', '2023-06-30', 14, 15, 1, '2023-06-30 17:51:32', 50.0000000000);
INSERT INTO `gms_order` VALUES ('474', '14', '13848527450', '2023-06-10', 15, 16, 0, '2023-06-10 17:19:10', 50.0000000000);
INSERT INTO `gms_order` VALUES ('475', '20', '13873230126', '2023-06-09', 13, 14, 1, '2023-06-09 14:53:15', 50.0000000000);
INSERT INTO `gms_order` VALUES ('476', '11', '13848527450', '2023-06-10', 13, 14, 0, '2023-06-10 23:44:48', 50.0000000000);
INSERT INTO `gms_order` VALUES ('477', '33', '13190260679', '2023-06-02', 17, 18, 1, '2023-06-02 14:24:33', 50.0000000000);
INSERT INTO `gms_order` VALUES ('478', '31', '13873230126', '2023-06-28', 16, 17, 0, '2023-06-28 16:57:32', 50.0000000000);
INSERT INTO `gms_order` VALUES ('479', '01', '13848527450', '2023-06-03', 16, 17, 1, '2023-06-03 15:32:24', 500.0000000000);
INSERT INTO `gms_order` VALUES ('48', '01', '15675478738', '2023-06-10', 13, 14, 0, '2023-06-10 12:24:50', 500.0000000000);
INSERT INTO `gms_order` VALUES ('480', '18', '15572210568', '2023-06-03', 14, 15, 1, '2023-06-03 18:40:53', 50.0000000000);
INSERT INTO `gms_order` VALUES ('481', '24', '13915147796', '2023-06-11', 14, 15, 0, '2023-06-11 22:50:22', 50.0000000000);
INSERT INTO `gms_order` VALUES ('482', '11', '15154336237', '2023-06-12', 18, 19, 1, '2023-06-12 12:13:50', 50.0000000000);
INSERT INTO `gms_order` VALUES ('483', '08', '13915147796', '2023-06-24', 17, 18, 0, '2023-06-24 21:12:33', 50.0000000000);
INSERT INTO `gms_order` VALUES ('484', '40', '13573585758', '2023-06-12', 12, 13, 0, '2023-06-12 19:17:43', 400.0000000000);
INSERT INTO `gms_order` VALUES ('485', '19', '15154336237', '2023-06-23', 14, 15, 1, '2023-06-23 22:51:40', 50.0000000000);
INSERT INTO `gms_order` VALUES ('486', '08', '13848527450', '2023-06-02', 16, 17, 2, '2023-06-02 15:57:38', 50.0000000000);
INSERT INTO `gms_order` VALUES ('487', '40', '15675478738', '2023-06-21', 15, 16, 0, '2023-06-21 16:16:24', 400.0000000000);
INSERT INTO `gms_order` VALUES ('488', '14', '13966548778', '2023-06-18', 12, 13, 0, '2023-06-18 23:50:22', 50.0000000000);
INSERT INTO `gms_order` VALUES ('489', '28', '15985848273', '2023-06-11', 13, 14, 0, '2023-06-11 15:46:19', 50.0000000000);
INSERT INTO `gms_order` VALUES ('49', '15', '15893810236', '2023-06-24', 18, 19, 0, '2023-06-24 16:46:17', 50.0000000000);
INSERT INTO `gms_order` VALUES ('490', '20', '15675478738', '2023-06-12', 15, 16, 0, '2023-06-12 12:42:43', 50.0000000000);
INSERT INTO `gms_order` VALUES ('491', '08', '13363679129', '2023-06-13', 17, 18, 0, '2023-06-13 22:28:35', 50.0000000000);
INSERT INTO `gms_order` VALUES ('492', '27', '13915147796', '2023-06-21', 12, 13, 0, '2023-06-21 11:38:52', 50.0000000000);
INSERT INTO `gms_order` VALUES ('493', '34', '13873230126', '2023-06-09', 11, 12, 1, '2023-06-09 12:41:37', 50.0000000000);
INSERT INTO `gms_order` VALUES ('494', '23', '13573585758', '2023-06-12', 17, 18, 0, '2023-06-12 11:53:15', 50.0000000000);
INSERT INTO `gms_order` VALUES ('495', '08', '15916515440', '2023-06-27', 16, 17, 0, '2023-06-27 17:26:37', 50.0000000000);
INSERT INTO `gms_order` VALUES ('496', '06', '13573585758', '2023-06-14', 17, 18, 1, '2023-06-14 18:59:15', 50.0000000000);
INSERT INTO `gms_order` VALUES ('497', '09', '15723403455', '2023-06-02', 14, 15, 2, '2023-06-02 23:23:15', 50.0000000000);
INSERT INTO `gms_order` VALUES ('498', '24', '15916515440', '2023-06-25', 12, 13, 0, '2023-06-25 23:12:22', 50.0000000000);
INSERT INTO `gms_order` VALUES ('499', '24', '15985848273', '2023-06-03', 12, 13, 2, '2023-06-03 19:16:29', 50.0000000000);
INSERT INTO `gms_order` VALUES ('5', '30', '18371149509', '2023-06-27', 16, 17, 0, '2023-06-27 15:37:14', 50.0000000000);
INSERT INTO `gms_order` VALUES ('50', '25', '13915147796', '2023-06-09', 12, 13, 0, '2023-06-09 20:54:31', 50.0000000000);
INSERT INTO `gms_order` VALUES ('500', '01', '13535047018', '2023-06-11', 19, 20, 1, '2023-06-11 13:17:35', 500.0000000000);
INSERT INTO `gms_order` VALUES ('501', '37', '13573585758', '2023-06-23', 13, 14, 1, '2023-06-23 19:18:36', 50.0000000000);
INSERT INTO `gms_order` VALUES ('502', '14', '13363679129', '2023-06-24', 15, 16, 1, '2023-06-24 20:28:53', 50.0000000000);
INSERT INTO `gms_order` VALUES ('503', '22', '15572210568', '2023-06-19', 13, 14, 0, '2023-06-19 16:34:57', 50.0000000000);
INSERT INTO `gms_order` VALUES ('504', '27', '15973620880', '2023-06-24', 17, 18, 0, '2023-06-24 15:10:27', 50.0000000000);
INSERT INTO `gms_order` VALUES ('505', '24', '15893810236', '2023-06-14', 14, 15, 0, '2023-06-14 13:18:17', 50.0000000000);
INSERT INTO `gms_order` VALUES ('506', '01', '15893810236', '2023-06-28', 14, 15, 1, '2023-06-28 21:35:19', 500.0000000000);
INSERT INTO `gms_order` VALUES ('507', '27', '15016093698', '2023-06-25', 15, 16, 0, '2023-06-25 13:17:26', 50.0000000000);
INSERT INTO `gms_order` VALUES ('508', '38', '15973620880', '2023-06-23', 14, 15, 0, '2023-06-23 20:42:10', 50.0000000000);
INSERT INTO `gms_order` VALUES ('509', '22', '18970952968', '2023-06-21', 15, 16, 0, '2023-06-21 17:15:21', 50.0000000000);
INSERT INTO `gms_order` VALUES ('51', '29', '15723403455', '2023-06-26', 17, 18, 0, '2023-06-26 23:13:37', 50.0000000000);
INSERT INTO `gms_order` VALUES ('510', '41', '15252184024', '2023-06-17', 12, 13, 0, '2023-06-17 20:59:17', 400.0000000000);
INSERT INTO `gms_order` VALUES ('511', '05', '15973620880', '2023-06-30', 13, 14, 0, '2023-06-30 16:51:45', 50.0000000000);
INSERT INTO `gms_order` VALUES ('512', '04', '13363679129', '2023-06-24', 15, 16, 0, '2023-06-24 10:23:26', 50.0000000000);
INSERT INTO `gms_order` VALUES ('513', '25', '18371149509', '2023-06-11', 15, 16, 0, '2023-06-11 18:10:18', 50.0000000000);
INSERT INTO `gms_order` VALUES ('514', '26', '13873230126', '2023-06-11', 13, 14, 0, '2023-06-11 14:28:19', 50.0000000000);
INSERT INTO `gms_order` VALUES ('515', '09', '15154336237', '2023-06-10', 18, 19, 0, '2023-06-10 16:51:30', 50.0000000000);
INSERT INTO `gms_order` VALUES ('516', '25', '13573585758', '2023-06-07', 15, 16, 0, '2023-06-07 13:25:10', 50.0000000000);
INSERT INTO `gms_order` VALUES ('517', '33', '13873230126', '2023-06-11', 19, 20, 0, '2023-06-11 18:46:56', 50.0000000000);
INSERT INTO `gms_order` VALUES ('518', '15', '15016093698', '2023-06-08', 12, 13, 0, '2023-06-08 16:13:11', 50.0000000000);
INSERT INTO `gms_order` VALUES ('519', '03', '15916515440', '2023-06-20', 16, 17, 0, '2023-06-20 19:34:50', 50.0000000000);
INSERT INTO `gms_order` VALUES ('52', '39', '15252184024', '2023-06-02', 15, 16, 2, '2023-06-02 14:59:26', 30.0000000000);
INSERT INTO `gms_order` VALUES ('520', '15', '15675478738', '2023-06-10', 18, 19, 0, '2023-06-10 20:48:12', 50.0000000000);
INSERT INTO `gms_order` VALUES ('521', '40', '15252184024', '2023-06-26', 14, 15, 0, '2023-06-26 10:53:29', 400.0000000000);
INSERT INTO `gms_order` VALUES ('522', '19', '13915147796', '2023-06-05', 13, 14, 0, '2023-06-05 19:50:37', 50.0000000000);
INSERT INTO `gms_order` VALUES ('523', '14', '13535047018', '2023-06-21', 19, 20, 0, '2023-06-21 22:40:38', 50.0000000000);
INSERT INTO `gms_order` VALUES ('524', '02', '13190260679', '2023-06-03', 13, 14, 1, '2023-06-03 12:53:23', 500.0000000000);
INSERT INTO `gms_order` VALUES ('525', '19', '18371149509', '2023-06-13', 18, 19, 0, '2023-06-13 13:43:37', 50.0000000000);
INSERT INTO `gms_order` VALUES ('526', '14', '15572210568', '2023-06-15', 18, 19, 0, '2023-06-15 20:37:30', 50.0000000000);
INSERT INTO `gms_order` VALUES ('527', '17', '13535047018', '2023-06-26', 18, 19, 0, '2023-06-26 14:44:42', 50.0000000000);
INSERT INTO `gms_order` VALUES ('528', '01', '13535047018', '2023-06-13', 15, 16, 0, '2023-06-13 16:39:32', 500.0000000000);
INSERT INTO `gms_order` VALUES ('529', '38', '15154336237', '2023-06-11', 18, 19, 0, '2023-06-11 19:25:46', 50.0000000000);
INSERT INTO `gms_order` VALUES ('53', '32', '15973620880', '2023-06-26', 17, 18, 0, '2023-06-26 17:46:19', 50.0000000000);
INSERT INTO `gms_order` VALUES ('530', '14', '15572210568', '2023-06-02', 16, 17, 1, '2023-06-02 10:12:34', 50.0000000000);
INSERT INTO `gms_order` VALUES ('531', '19', '15572210568', '2023-06-22', 18, 19, 0, '2023-06-22 10:19:51', 50.0000000000);
INSERT INTO `gms_order` VALUES ('532', '19', '15252184024', '2023-06-08', 11, 12, 0, '2023-06-08 22:47:45', 50.0000000000);
INSERT INTO `gms_order` VALUES ('533', '29', '15572210568', '2023-06-14', 16, 17, 1, '2023-06-14 18:43:59', 50.0000000000);
INSERT INTO `gms_order` VALUES ('534', '32', '15675478738', '2023-06-20', 12, 13, 0, '2023-06-20 18:41:13', 50.0000000000);
INSERT INTO `gms_order` VALUES ('535', '02', '13915147796', '2023-06-17', 14, 15, 0, '2023-06-17 13:52:25', 500.0000000000);
INSERT INTO `gms_order` VALUES ('536', '01', '13535047018', '2023-06-27', 15, 16, 0, '2023-06-27 11:43:27', 500.0000000000);
INSERT INTO `gms_order` VALUES ('537', '19', '15985848273', '2023-06-04', 19, 20, 0, '2023-06-04 15:20:22', 50.0000000000);
INSERT INTO `gms_order` VALUES ('538', '08', '13848527450', '2023-06-10', 11, 12, 0, '2023-06-10 23:39:15', 50.0000000000);
INSERT INTO `gms_order` VALUES ('539', '05', '15154336237', '2023-06-07', 10, 11, 1, '2023-06-07 19:49:54', 50.0000000000);
INSERT INTO `gms_order` VALUES ('54', '27', '13573585758', '2023-06-12', 13, 14, 0, '2023-06-12 23:16:33', 50.0000000000);
INSERT INTO `gms_order` VALUES ('540', '09', '13915147796', '2023-06-14', 13, 14, 0, '2023-06-14 21:26:16', 50.0000000000);
INSERT INTO `gms_order` VALUES ('541', '20', '15973620880', '2023-06-26', 13, 14, 0, '2023-06-26 19:16:16', 50.0000000000);
INSERT INTO `gms_order` VALUES ('542', '06', '15723403455', '2023-06-10', 19, 20, 1, '2023-06-10 11:19:14', 50.0000000000);
INSERT INTO `gms_order` VALUES ('543', '24', '15572210568', '2023-06-23', 13, 14, 0, '2023-06-23 16:59:38', 50.0000000000);
INSERT INTO `gms_order` VALUES ('544', '31', '15723403455', '2023-06-03', 16, 17, 1, '2023-06-03 19:28:27', 50.0000000000);
INSERT INTO `gms_order` VALUES ('545', '09', '13573585758', '2023-06-17', 16, 17, 0, '2023-06-17 19:26:11', 50.0000000000);
INSERT INTO `gms_order` VALUES ('546', '32', '18970952968', '2023-06-29', 14, 15, 1, '2023-06-29 15:49:53', 50.0000000000);
INSERT INTO `gms_order` VALUES ('547', '32', '15154336237', '2023-06-06', 14, 15, 0, '2023-06-06 13:36:27', 50.0000000000);
INSERT INTO `gms_order` VALUES ('548', '07', '15572210568', '2023-06-15', 11, 12, 0, '2023-06-15 23:41:15', 50.0000000000);
INSERT INTO `gms_order` VALUES ('549', '10', '13535047018', '2023-06-07', 12, 13, 0, '2023-06-07 20:12:55', 50.0000000000);
INSERT INTO `gms_order` VALUES ('55', '25', '13190260679', '2023-06-27', 14, 15, 0, '2023-06-27 12:35:55', 50.0000000000);
INSERT INTO `gms_order` VALUES ('550', '25', '15572210568', '2023-06-17', 13, 14, 0, '2023-06-17 23:33:48', 50.0000000000);
INSERT INTO `gms_order` VALUES ('551', '05', '13190260679', '2023-06-19', 13, 14, 0, '2023-06-19 15:24:33', 50.0000000000);
INSERT INTO `gms_order` VALUES ('552', '30', '15916515440', '2023-06-28', 16, 17, 0, '2023-06-28 19:13:24', 50.0000000000);
INSERT INTO `gms_order` VALUES ('553', '02', '15016093698', '2023-06-25', 12, 13, 0, '2023-06-25 23:52:10', 500.0000000000);
INSERT INTO `gms_order` VALUES ('554', '30', '18970952968', '2023-06-23', 13, 14, 0, '2023-06-23 15:30:50', 50.0000000000);
INSERT INTO `gms_order` VALUES ('555', '33', '13848527450', '2023-06-09', 17, 18, 0, '2023-06-09 19:38:19', 50.0000000000);
INSERT INTO `gms_order` VALUES ('556', '38', '13190260679', '2023-06-21', 19, 20, 0, '2023-06-21 15:44:29', 50.0000000000);
INSERT INTO `gms_order` VALUES ('557', '32', '15572210568', '2023-06-11', 17, 18, 0, '2023-06-11 21:50:11', 50.0000000000);
INSERT INTO `gms_order` VALUES ('558', '10', '15723403455', '2023-06-05', 15, 16, 0, '2023-06-05 10:25:43', 50.0000000000);
INSERT INTO `gms_order` VALUES ('559', '19', '13363679129', '2023-06-24', 16, 17, 0, '2023-06-24 22:29:35', 50.0000000000);
INSERT INTO `gms_order` VALUES ('56', '04', '13573585758', '2023-06-16', 19, 20, 0, '2023-06-16 17:47:13', 50.0000000000);
INSERT INTO `gms_order` VALUES ('560', '36', '13873230126', '2023-06-03', 16, 17, 2, '2023-06-03 11:14:46', 50.0000000000);
INSERT INTO `gms_order` VALUES ('561', '22', '15916515440', '2023-06-25', 12, 13, 0, '2023-06-25 13:48:17', 50.0000000000);
INSERT INTO `gms_order` VALUES ('562', '31', '15252184024', '2023-06-18', 12, 13, 0, '2023-06-18 16:41:27', 50.0000000000);
INSERT INTO `gms_order` VALUES ('563', '32', '15016093698', '2023-06-16', 19, 20, 0, '2023-06-16 10:48:59', 50.0000000000);
INSERT INTO `gms_order` VALUES ('564', '05', '13966548778', '2023-06-14', 14, 15, 0, '2023-06-14 19:19:41', 50.0000000000);
INSERT INTO `gms_order` VALUES ('565', '21', '15973620880', '2023-06-01', 14, 15, 2, '2023-06-01 22:23:49', 50.0000000000);
INSERT INTO `gms_order` VALUES ('566', '16', '13848527450', '2023-06-27', 14, 15, 0, '2023-06-27 20:21:13', 50.0000000000);
INSERT INTO `gms_order` VALUES ('567', '41', '13190260679', '2023-06-19', 15, 16, 0, '2023-06-19 10:36:29', 400.0000000000);
INSERT INTO `gms_order` VALUES ('568', '05', '13873230126', '2023-06-14', 11, 12, 0, '2023-06-14 13:34:36', 50.0000000000);
INSERT INTO `gms_order` VALUES ('569', '21', '15154336237', '2023-06-27', 13, 14, 0, '2023-06-27 21:57:51', 50.0000000000);
INSERT INTO `gms_order` VALUES ('57', '05', '15572210568', '2023-06-08', 14, 15, 0, '2023-06-08 14:58:50', 50.0000000000);
INSERT INTO `gms_order` VALUES ('570', '26', '13848527450', '2023-06-23', 15, 16, 0, '2023-06-23 21:44:19', 50.0000000000);
INSERT INTO `gms_order` VALUES ('571', '25', '13363679129', '2023-06-18', 16, 17, 0, '2023-06-18 12:14:45', 50.0000000000);
INSERT INTO `gms_order` VALUES ('572', '29', '15154336237', '2023-06-29', 13, 14, 0, '2023-06-29 23:46:58', 50.0000000000);
INSERT INTO `gms_order` VALUES ('573', '31', '15016093698', '2023-06-02', 14, 15, 2, '2023-06-02 23:42:57', 50.0000000000);
INSERT INTO `gms_order` VALUES ('574', '29', '13190260679', '2023-06-09', 16, 17, 1, '2023-06-09 21:32:42', 50.0000000000);
INSERT INTO `gms_order` VALUES ('575', '37', '15016093698', '2023-06-14', 13, 14, 0, '2023-06-14 18:19:10', 50.0000000000);
INSERT INTO `gms_order` VALUES ('576', '34', '18371149509', '2023-06-08', 14, 15, 1, '2023-06-08 10:53:16', 50.0000000000);
INSERT INTO `gms_order` VALUES ('577', '27', '15723403455', '2023-06-30', 11, 12, 0, '2023-06-30 14:49:19', 50.0000000000);
INSERT INTO `gms_order` VALUES ('578', '06', '15916515440', '2023-06-06', 16, 17, 0, '2023-06-06 15:53:39', 50.0000000000);
INSERT INTO `gms_order` VALUES ('579', '13', '13573585758', '2023-06-14', 14, 15, 0, '2023-06-14 13:28:10', 50.0000000000);
INSERT INTO `gms_order` VALUES ('58', '30', '15016093698', '2023-06-21', 12, 13, 0, '2023-06-21 19:34:11', 50.0000000000);
INSERT INTO `gms_order` VALUES ('580', '04', '13915147796', '2023-06-03', 14, 15, 2, '2023-06-03 12:52:22', 50.0000000000);
INSERT INTO `gms_order` VALUES ('581', '07', '13966548778', '2023-06-29', 18, 19, 0, '2023-06-29 21:39:34', 50.0000000000);
INSERT INTO `gms_order` VALUES ('582', '22', '15985848273', '2023-06-11', 13, 14, 0, '2023-06-11 12:51:36', 50.0000000000);
INSERT INTO `gms_order` VALUES ('583', '13', '15154336237', '2023-06-15', 17, 18, 0, '2023-06-15 13:48:51', 50.0000000000);
INSERT INTO `gms_order` VALUES ('584', '03', '15723403455', '2023-06-20', 15, 16, 0, '2023-06-20 19:55:50', 50.0000000000);
INSERT INTO `gms_order` VALUES ('585', '09', '15723403455', '2023-06-04', 16, 17, 1, '2023-06-04 11:57:38', 50.0000000000);
INSERT INTO `gms_order` VALUES ('586', '33', '15723403455', '2023-06-02', 16, 17, 2, '2023-06-02 19:36:33', 50.0000000000);
INSERT INTO `gms_order` VALUES ('587', '23', '18970952968', '2023-06-08', 19, 20, 0, '2023-06-08 13:32:57', 50.0000000000);
INSERT INTO `gms_order` VALUES ('588', '25', '18371149509', '2023-06-02', 18, 19, 2, '2023-06-02 15:20:32', 50.0000000000);
INSERT INTO `gms_order` VALUES ('589', '23', '13573585758', '2023-06-02', 13, 14, 2, '2023-06-02 17:17:35', 50.0000000000);
INSERT INTO `gms_order` VALUES ('59', '29', '18970952968', '2023-06-18', 16, 17, 1, '2023-06-18 22:37:38', 50.0000000000);
INSERT INTO `gms_order` VALUES ('590', '32', '15985848273', '2023-06-05', 17, 18, 0, '2023-06-05 12:30:59', 50.0000000000);
INSERT INTO `gms_order` VALUES ('591', '37', '13535047018', '2023-06-25', 14, 15, 0, '2023-06-25 20:19:25', 50.0000000000);
INSERT INTO `gms_order` VALUES ('592', '32', '18970952968', '2023-06-04', 15, 16, 0, '2023-06-04 22:36:45', 50.0000000000);
INSERT INTO `gms_order` VALUES ('593', '20', '13573585758', '2023-06-19', 12, 13, 0, '2023-06-19 20:20:37', 50.0000000000);
INSERT INTO `gms_order` VALUES ('594', '28', '13535047018', '2023-06-05', 16, 17, 0, '2023-06-05 18:45:29', 50.0000000000);
INSERT INTO `gms_order` VALUES ('595', '06', '15154336237', '2023-06-18', 15, 16, 1, '2023-06-18 15:27:19', 50.0000000000);
INSERT INTO `gms_order` VALUES ('596', '34', '15985848273', '2023-06-26', 10, 11, 0, '2023-06-26 23:38:44', 50.0000000000);
INSERT INTO `gms_order` VALUES ('597', '03', '15916515440', '2023-06-06', 14, 15, 0, '2023-06-06 20:49:24', 50.0000000000);
INSERT INTO `gms_order` VALUES ('598', '21', '18371149509', '2023-06-19', 14, 15, 1, '2023-06-19 14:28:41', 50.0000000000);
INSERT INTO `gms_order` VALUES ('599', '19', '18371149509', '2023-06-11', 12, 13, 1, '2023-06-11 20:49:32', 50.0000000000);
INSERT INTO `gms_order` VALUES ('6', '07', '13915147796', '2023-06-13', 11, 12, 0, '2023-06-13 17:56:17', 50.0000000000);
INSERT INTO `gms_order` VALUES ('60', '22', '13363679129', '2023-06-15', 16, 17, 0, '2023-06-15 20:55:13', 50.0000000000);
INSERT INTO `gms_order` VALUES ('61', '36', '18970952968', '2023-06-09', 16, 17, 0, '2023-06-09 23:53:23', 50.0000000000);
INSERT INTO `gms_order` VALUES ('62', '12', '15973620880', '2023-06-18', 13, 14, 1, '2023-06-18 15:17:35', 50.0000000000);
INSERT INTO `gms_order` VALUES ('63', '15', '13535047018', '2023-06-17', 16, 17, 0, '2023-06-17 20:55:27', 50.0000000000);
INSERT INTO `gms_order` VALUES ('64', '03', '15985848273', '2023-06-03', 15, 16, 2, '2023-06-03 21:22:44', 50.0000000000);
INSERT INTO `gms_order` VALUES ('65', '06', '15252184024', '2023-06-07', 13, 14, 0, '2023-06-07 12:37:34', 50.0000000000);
INSERT INTO `gms_order` VALUES ('66', '11', '13573585758', '2023-06-12', 16, 17, 0, '2023-06-12 16:52:54', 50.0000000000);
INSERT INTO `gms_order` VALUES ('67', '24', '15973620880', '2023-06-04', 15, 16, 0, '2023-06-04 12:49:54', 50.0000000000);
INSERT INTO `gms_order` VALUES ('68', '13', '18970952968', '2023-06-04', 15, 16, 0, '2023-06-04 19:55:18', 50.0000000000);
INSERT INTO `gms_order` VALUES ('69', '20', '15985848273', '2023-06-30', 17, 18, 1, '2023-06-30 10:36:51', 50.0000000000);
INSERT INTO `gms_order` VALUES ('7', '23', '13363679129', '2023-06-23', 11, 12, 0, '2023-06-23 18:38:21', 50.0000000000);
INSERT INTO `gms_order` VALUES ('70', '01', '15572210568', '2023-06-05', 13, 14, 0, '2023-06-05 11:53:10', 500.0000000000);
INSERT INTO `gms_order` VALUES ('71', '27', '15016093698', '2023-06-11', 15, 16, 1, '2023-06-11 18:11:30', 50.0000000000);
INSERT INTO `gms_order` VALUES ('72', '22', '13535047018', '2023-06-02', 14, 15, 2, '2023-06-02 16:40:23', 50.0000000000);
INSERT INTO `gms_order` VALUES ('73', '04', '15675478738', '2023-06-10', 14, 15, 0, '2023-06-10 16:11:59', 50.0000000000);
INSERT INTO `gms_order` VALUES ('74', '35', '15675478738', '2023-06-28', 12, 13, 0, '2023-06-28 12:48:12', 50.0000000000);
INSERT INTO `gms_order` VALUES ('75', '34', '15985848273', '2023-06-27', 14, 15, 0, '2023-06-27 23:37:47', 50.0000000000);
INSERT INTO `gms_order` VALUES ('76', '23', '13873230126', '2023-06-09', 16, 17, 0, '2023-06-09 21:51:12', 50.0000000000);
INSERT INTO `gms_order` VALUES ('77', '37', '15973620880', '2023-06-24', 19, 20, 0, '2023-06-24 17:15:50', 50.0000000000);
INSERT INTO `gms_order` VALUES ('78', '05', '15572210568', '2023-06-22', 14, 15, 0, '2023-06-22 18:53:21', 50.0000000000);
INSERT INTO `gms_order` VALUES ('79', '12', '15723403455', '2023-06-28', 15, 16, 0, '2023-06-28 15:38:46', 50.0000000000);
INSERT INTO `gms_order` VALUES ('8', '02', '18970952968', '2023-06-09', 15, 16, 0, '2023-06-09 16:48:11', 500.0000000000);
INSERT INTO `gms_order` VALUES ('80', '21', '15985848273', '2023-06-05', 16, 17, 0, '2023-06-05 22:25:54', 50.0000000000);
INSERT INTO `gms_order` VALUES ('81', '01', '13915147796', '2023-06-09', 17, 18, 0, '2023-06-09 12:30:56', 500.0000000000);
INSERT INTO `gms_order` VALUES ('82', '10', '15252184024', '2023-06-21', 13, 14, 1, '2023-06-21 18:48:19', 50.0000000000);
INSERT INTO `gms_order` VALUES ('83', '01', '13966548778', '2023-06-22', 16, 17, 0, '2023-06-22 17:52:34', 500.0000000000);
INSERT INTO `gms_order` VALUES ('84', '21', '15675478738', '2023-06-25', 17, 18, 0, '2023-06-25 22:31:12', 50.0000000000);
INSERT INTO `gms_order` VALUES ('85', '21', '15016093698', '2023-06-10', 17, 18, 1, '2023-06-10 21:12:43', 50.0000000000);
INSERT INTO `gms_order` VALUES ('86', '38', '13573585758', '2023-06-17', 17, 18, 0, '2023-06-17 17:11:33', 50.0000000000);
INSERT INTO `gms_order` VALUES ('87', '36', '13573585758', '2023-06-24', 14, 15, 1, '2023-06-24 15:48:44', 50.0000000000);
INSERT INTO `gms_order` VALUES ('88', '01', '13573585758', '2023-06-21', 16, 17, 0, '2023-06-21 21:33:57', 500.0000000000);
INSERT INTO `gms_order` VALUES ('89', '13', '13573585758', '2023-06-29', 17, 18, 0, '2023-06-29 19:51:29', 50.0000000000);
INSERT INTO `gms_order` VALUES ('9', '16', '13190260679', '2023-06-20', 15, 16, 0, '2023-06-20 19:11:52', 50.0000000000);
INSERT INTO `gms_order` VALUES ('90', '41', '13363679129', '2023-06-03', 13, 14, 2, '2023-06-03 22:56:43', 400.0000000000);
INSERT INTO `gms_order` VALUES ('91', '06', '13915147796', '2023-06-26', 19, 20, 0, '2023-06-26 18:51:35', 50.0000000000);
INSERT INTO `gms_order` VALUES ('92', '21', '15016093698', '2023-06-14', 16, 17, 0, '2023-06-14 23:32:35', 50.0000000000);
INSERT INTO `gms_order` VALUES ('93', '15', '13535047018', '2023-06-19', 18, 19, 1, '2023-06-19 16:29:44', 50.0000000000);
INSERT INTO `gms_order` VALUES ('94', '03', '13915147796', '2023-06-18', 14, 15, 0, '2023-06-18 14:15:24', 50.0000000000);
INSERT INTO `gms_order` VALUES ('95', '38', '13535047018', '2023-06-05', 16, 17, 0, '2023-06-05 22:51:38', 50.0000000000);
INSERT INTO `gms_order` VALUES ('96', '33', '15916515440', '2023-06-26', 14, 15, 0, '2023-06-26 17:49:45', 50.0000000000);
INSERT INTO `gms_order` VALUES ('97', '15', '15252184024', '2023-06-13', 16, 17, 0, '2023-06-13 12:29:30', 50.0000000000);
INSERT INTO `gms_order` VALUES ('98', '08', '18371149509', '2023-06-04', 18, 19, 0, '2023-06-04 20:58:15', 50.0000000000);
INSERT INTO `gms_order` VALUES ('99', '29', '15973620880', '2023-06-08', 16, 17, 0, '2023-06-08 14:27:12', 50.0000000000);

-- ----------------------------
-- Table structure for gms_type
-- ----------------------------
DROP TABLE IF EXISTS `gms_type`;
CREATE TABLE `gms_type`  (
  `type_name` varchar(32) CHARACTER SET utf8 COLLATE utf8_general_ci NOT NULL COMMENT '场馆类型名',
  `type_linkman` varchar(32) CHARACTER SET utf8 COLLATE utf8_general_ci NOT NULL COMMENT '联系人',
  `type_address` varchar(32) CHARACTER SET utf8 COLLATE utf8_general_ci NOT NULL COMMENT '场馆地址',
  `type_introduction` varchar(3072) CHARACTER SET utf8 COLLATE utf8_general_ci NOT NULL COMMENT '场馆简介',
  PRIMARY KEY (`type_name`) USING BTREE
) ENGINE = InnoDB CHARACTER SET = utf8 COLLATE = utf8_general_ci COMMENT = '场馆类别' ROW_FORMAT = Dynamic;

-- ----------------------------
-- Records of gms_type
-- ----------------------------
INSERT INTO `gms_type` VALUES ('乒乓球场', 'admin', '体育馆一层南侧乒乓球场', '乒乓球场共有15张乒乓球台，480平方米的宽阔空间，红双喜世乒赛比赛用台，体验感极佳！');
INSERT INTO `gms_type` VALUES ('篮球场', 'admin', '体育馆三层南侧篮球场', '共有两块标准场地，金陵国内顶级球架、千森专业木地板，精良的计时系统让您与您的朋友尽情释放运动激情！');
INSERT INTO `gms_type` VALUES ('网球场', 'admin', '体育馆三层北侧网球场', '塑胶金刚砂场地，Upman-horse球网，通透的全覆盖照明和隔音装饰材料，给您独立安静的运动环境！');
INSERT INTO `gms_type` VALUES ('羽毛球场', 'admin', '体育馆一层中间羽毛球场', '该场馆为体育馆主场地，占地2400平方米，共有20片羽毛球场地，拥有专业防滑地胶和球架，让您享受酣畅淋漓的运动乐趣！');
INSERT INTO `gms_type` VALUES ('跑廊乒乓球场', 'admin', '体育馆一层跑廊乒乓球台', '虽然位于跑廊，但只限学生预定，相对好抢...');

-- ----------------------------
-- Table structure for gms_user
-- ----------------------------
DROP TABLE IF EXISTS `gms_user`;
CREATE TABLE `gms_user`  (
  `user_id` varchar(32) CHARACTER SET utf8 COLLATE utf8_general_ci NOT NULL COMMENT '工号/学号',
  `user_password` varchar(32) CHARACTER SET utf8 COLLATE utf8_general_ci NOT NULL COMMENT '密码',
  `user_sex` varchar(32) CHARACTER SET utf8 COLLATE utf8_general_ci NOT NULL COMMENT '性别',
  `user_age` int(11) NOT NULL COMMENT '年龄',
  `user_email` varchar(32) CHARACTER SET utf8 COLLATE utf8_general_ci NOT NULL COMMENT '邮箱',
  PRIMARY KEY (`user_id`) USING BTREE
) ENGINE = InnoDB CHARACTER SET = utf8 COLLATE = utf8_general_ci COMMENT = '用户' ROW_FORMAT = Dynamic;

-- ----------------------------
-- Records of gms_user
-- ----------------------------
INSERT INTO `gms_user` VALUES ('13190260679', '123456', '女', 22, '7167659759@qq.com');
INSERT INTO `gms_user` VALUES ('13363679129', '123456', '男', 18, '5345382148@qq.com');
INSERT INTO `gms_user` VALUES ('13535047018', '123456', '女', 21, '9736468041@qq.com');
INSERT INTO `gms_user` VALUES ('13573585758', '123456', '男', 20, '1035777915@qq.com');
INSERT INTO `gms_user` VALUES ('13848527450', '123456', '男', 28, '8226817475@qq.com');
INSERT INTO `gms_user` VALUES ('13873230126', '123456', '女', 23, '5190491795@qq.com');
INSERT INTO `gms_user` VALUES ('13915147796', '123456', '男', 37, '1465094734@qq.com');
INSERT INTO `gms_user` VALUES ('13966548778', '123456', '男', 55, '3217553254@qq.com');
INSERT INTO `gms_user` VALUES ('15016093698', '123456', '女', 66, '2907866137@qq.com');
INSERT INTO `gms_user` VALUES ('15154336237', '123456', '女', 19, '4910147355@qq.com');
INSERT INTO `gms_user` VALUES ('15252184024', '123456', '女', 29, '2713340008@qq.com');
INSERT INTO `gms_user` VALUES ('15572210568', '123456', '女', 41, '1944554681@qq.com');
INSERT INTO `gms_user` VALUES ('15675478738', '123456', '男', 21, '6848245261@qq.com');
INSERT INTO `gms_user` VALUES ('15723403455', '123456', '男', 22, '2542618690@qq.com');
INSERT INTO `gms_user` VALUES ('15893810236', '123456', '女', 18, '8774942406@qq.com');
INSERT INTO `gms_user` VALUES ('15916515440', '123456', '男', 24, '6112294368@qq.com');
INSERT INTO `gms_user` VALUES ('15973620880', '123456', '男', 23, '8585437187@qq.com');
INSERT INTO `gms_user` VALUES ('15985848273', '123456', '女', 33, '9866476076@qq.com');
INSERT INTO `gms_user` VALUES ('18371149509', '123456', '男', 18, '9672571617@qq.com');
INSERT INTO `gms_user` VALUES ('18970952968', '123456', '女', 20, '4400139933@qq.com');

-- ----------------------------
-- Table structure for gms_vdstate
-- ----------------------------
DROP TABLE IF EXISTS `gms_vdstate`;
CREATE TABLE `gms_vdstate`  (
  `vdstate_id` varchar(32) CHARACTER SET utf8 COLLATE utf8_general_ci NOT NULL COMMENT '场馆编号',
  `vdstate_date` date NOT NULL COMMENT '日期',
  `vdstate_st` varchar(32) CHARACTER SET utf8 COLLATE utf8_general_ci NOT NULL DEFAULT '00000000000000000000000' COMMENT '分时状态 第i位代表第i~i+1小时的场馆状态0代表不可用1代表可用2代表已经被预约',
  PRIMARY KEY (`vdstate_id`, `vdstate_date`) USING BTREE,
  CONSTRAINT `场馆分时状态引用场馆` FOREIGN KEY (`vdstate_id`) REFERENCES `gms_venue` (`venue_id`) ON DELETE RESTRICT ON UPDATE RESTRICT
) ENGINE = InnoDB CHARACTER SET = utf8 COLLATE = utf8_general_ci COMMENT = '场馆分时状态' ROW_FORMAT = Dynamic;

-- ----------------------------
-- Records of gms_vdstate
-- ----------------------------
INSERT INTO `gms_vdstate` VALUES ('01', '2023-06-02', '00000000000011211211110');
INSERT INTO `gms_vdstate` VALUES ('01', '2023-06-03', '00000000000002002000110');
INSERT INTO `gms_vdstate` VALUES ('01', '2023-06-05', '00000000000012111111110');
INSERT INTO `gms_vdstate` VALUES ('01', '2023-06-06', '00000000000011111211110');
INSERT INTO `gms_vdstate` VALUES ('01', '2023-06-08', '00000000000011111211110');
INSERT INTO `gms_vdstate` VALUES ('01', '2023-06-09', '00000000000011111211110');
INSERT INTO `gms_vdstate` VALUES ('01', '2023-06-10', '00000000000012111121110');
INSERT INTO `gms_vdstate` VALUES ('01', '2023-06-11', '00000000000011111112110');
INSERT INTO `gms_vdstate` VALUES ('01', '2023-06-13', '00000000000011121111110');
INSERT INTO `gms_vdstate` VALUES ('01', '2023-06-17', '00000000000011111211110');
INSERT INTO `gms_vdstate` VALUES ('01', '2023-06-21', '00000000000011112111110');
INSERT INTO `gms_vdstate` VALUES ('01', '2023-06-22', '00000000000011112111110');
INSERT INTO `gms_vdstate` VALUES ('01', '2023-06-23', '00000000000021111111110');
INSERT INTO `gms_vdstate` VALUES ('01', '2023-06-25', '00000000000012111111110');
INSERT INTO `gms_vdstate` VALUES ('01', '2023-06-27', '00000000000011221111110');
INSERT INTO `gms_vdstate` VALUES ('01', '2023-06-28', '00000000000012211111110');
INSERT INTO `gms_vdstate` VALUES ('01', '2023-06-30', '00000000000011121111110');
INSERT INTO `gms_vdstate` VALUES ('02', '2023-06-03', '00000000000002000000000');
INSERT INTO `gms_vdstate` VALUES ('02', '2023-06-06', '00000000000111111200000');
INSERT INTO `gms_vdstate` VALUES ('02', '2023-06-08', '00000000000121111100000');
INSERT INTO `gms_vdstate` VALUES ('02', '2023-06-09', '00000000000111121100000');
INSERT INTO `gms_vdstate` VALUES ('02', '2023-06-10', '00000000000112111100000');
INSERT INTO `gms_vdstate` VALUES ('02', '2023-06-11', '00000000000111121100000');
INSERT INTO `gms_vdstate` VALUES ('02', '2023-06-12', '00000000000111112100000');
INSERT INTO `gms_vdstate` VALUES ('02', '2023-06-13', '00000000000112111100000');
INSERT INTO `gms_vdstate` VALUES ('02', '2023-06-17', '00000000000111211100000');
INSERT INTO `gms_vdstate` VALUES ('02', '2023-06-20', '00000000000111121100000');
INSERT INTO `gms_vdstate` VALUES ('02', '2023-06-21', '00000000000112111100000');
INSERT INTO `gms_vdstate` VALUES ('02', '2023-06-23', '00000000000111112200000');
INSERT INTO `gms_vdstate` VALUES ('02', '2023-06-24', '00000000000121111100000');
INSERT INTO `gms_vdstate` VALUES ('02', '2023-06-25', '00000000000121111100000');
INSERT INTO `gms_vdstate` VALUES ('03', '2023-06-01', '00000000000001211211000');
INSERT INTO `gms_vdstate` VALUES ('03', '2023-06-03', '00000000000000020000000');
INSERT INTO `gms_vdstate` VALUES ('03', '2023-06-05', '00000000000001121111000');
INSERT INTO `gms_vdstate` VALUES ('03', '2023-06-06', '00000000000001211111000');
INSERT INTO `gms_vdstate` VALUES ('03', '2023-06-08', '00000000000001111211000');
INSERT INTO `gms_vdstate` VALUES ('03', '2023-06-14', '00000000000001211111000');
INSERT INTO `gms_vdstate` VALUES ('03', '2023-06-15', '00000000000001121111000');
INSERT INTO `gms_vdstate` VALUES ('03', '2023-06-18', '00000000000001211111000');
INSERT INTO `gms_vdstate` VALUES ('03', '2023-06-19', '00000000000001112111000');
INSERT INTO `gms_vdstate` VALUES ('03', '2023-06-20', '00000000000001122111000');
INSERT INTO `gms_vdstate` VALUES ('03', '2023-06-21', '00000000000001211111000');
INSERT INTO `gms_vdstate` VALUES ('03', '2023-06-22', '00000000000001111121000');
INSERT INTO `gms_vdstate` VALUES ('03', '2023-06-27', '00000000000001121111000');
INSERT INTO `gms_vdstate` VALUES ('04', '2023-06-01', '00000000000001121111110');
INSERT INTO `gms_vdstate` VALUES ('04', '2023-06-02', '00000000000001111211110');
INSERT INTO `gms_vdstate` VALUES ('04', '2023-06-03', '00000000000000200000110');
INSERT INTO `gms_vdstate` VALUES ('04', '2023-06-04', '00000000000001111121110');
INSERT INTO `gms_vdstate` VALUES ('04', '2023-06-08', '00000000000001111121110');
INSERT INTO `gms_vdstate` VALUES ('04', '2023-06-10', '00000000000001211111110');
INSERT INTO `gms_vdstate` VALUES ('04', '2023-06-11', '00000000000001111112110');
INSERT INTO `gms_vdstate` VALUES ('04', '2023-06-12', '00000000000001111211110');
INSERT INTO `gms_vdstate` VALUES ('04', '2023-06-13', '00000000000001111221110');
INSERT INTO `gms_vdstate` VALUES ('04', '2023-06-16', '00000000000001111112110');
INSERT INTO `gms_vdstate` VALUES ('04', '2023-06-21', '00000000000001111121110');
INSERT INTO `gms_vdstate` VALUES ('04', '2023-06-24', '00000000000001121112110');
INSERT INTO `gms_vdstate` VALUES ('04', '2023-06-27', '00000000000001121111110');
INSERT INTO `gms_vdstate` VALUES ('04', '2023-06-29', '00000000000001111112110');
INSERT INTO `gms_vdstate` VALUES ('04', '2023-06-30', '00000000000001112111110');
INSERT INTO `gms_vdstate` VALUES ('05', '2023-06-07', '00000000012111111000000');
INSERT INTO `gms_vdstate` VALUES ('05', '2023-06-08', '00000000011111211000000');
INSERT INTO `gms_vdstate` VALUES ('05', '2023-06-11', '00000000011121111000000');
INSERT INTO `gms_vdstate` VALUES ('05', '2023-06-14', '00000000011211211000000');
INSERT INTO `gms_vdstate` VALUES ('05', '2023-06-19', '00000000011112111000000');
INSERT INTO `gms_vdstate` VALUES ('05', '2023-06-21', '00000000011111211000000');
INSERT INTO `gms_vdstate` VALUES ('05', '2023-06-22', '00000000011111211000000');
INSERT INTO `gms_vdstate` VALUES ('05', '2023-06-26', '00000000011111112000000');
INSERT INTO `gms_vdstate` VALUES ('05', '2023-06-28', '00000000011111121000000');
INSERT INTO `gms_vdstate` VALUES ('05', '2023-06-30', '00000000011112111000000');
INSERT INTO `gms_vdstate` VALUES ('06', '2023-06-03', '00000000000000000020100');
INSERT INTO `gms_vdstate` VALUES ('06', '2023-06-06', '00000000000001112111100');
INSERT INTO `gms_vdstate` VALUES ('06', '2023-06-07', '00000000000002111121100');
INSERT INTO `gms_vdstate` VALUES ('06', '2023-06-10', '00000000000001111112100');
INSERT INTO `gms_vdstate` VALUES ('06', '2023-06-14', '00000000000001111211100');
INSERT INTO `gms_vdstate` VALUES ('06', '2023-06-15', '00000000000001112111100');
INSERT INTO `gms_vdstate` VALUES ('06', '2023-06-17', '00000000000002111111100');
INSERT INTO `gms_vdstate` VALUES ('06', '2023-06-18', '00000000000001121211100');
INSERT INTO `gms_vdstate` VALUES ('06', '2023-06-19', '00000000000001211111100');
INSERT INTO `gms_vdstate` VALUES ('06', '2023-06-21', '00000000000001111121100');
INSERT INTO `gms_vdstate` VALUES ('06', '2023-06-23', '00000000000001111121100');
INSERT INTO `gms_vdstate` VALUES ('06', '2023-06-26', '00000000000001111112100');
INSERT INTO `gms_vdstate` VALUES ('06', '2023-06-28', '00000000000001112111100');
INSERT INTO `gms_vdstate` VALUES ('07', '2023-06-01', '00000000000111111211000');
INSERT INTO `gms_vdstate` VALUES ('07', '2023-06-02', '00000000000112211111000');
INSERT INTO `gms_vdstate` VALUES ('07', '2023-06-03', '00000000000000002000000');
INSERT INTO `gms_vdstate` VALUES ('07', '2023-06-09', '00000000000111211111000');
INSERT INTO `gms_vdstate` VALUES ('07', '2023-06-11', '00000000000211111112000');
INSERT INTO `gms_vdstate` VALUES ('07', '2023-06-12', '00000000000111112111000');
INSERT INTO `gms_vdstate` VALUES ('07', '2023-06-13', '00000000000211111111000');
INSERT INTO `gms_vdstate` VALUES ('07', '2023-06-14', '00000000000111121111000');
INSERT INTO `gms_vdstate` VALUES ('07', '2023-06-15', '00000000000211111111000');
INSERT INTO `gms_vdstate` VALUES ('07', '2023-06-19', '00000000000111121111000');
INSERT INTO `gms_vdstate` VALUES ('07', '2023-06-26', '00000000000111111211000');
INSERT INTO `gms_vdstate` VALUES ('07', '2023-06-27', '00000000000121111111000');
INSERT INTO `gms_vdstate` VALUES ('07', '2023-06-29', '00000000000111111221000');
INSERT INTO `gms_vdstate` VALUES ('07', '2023-06-30', '00000000000112111111000');
INSERT INTO `gms_vdstate` VALUES ('08', '2023-06-01', '00000000001111111211000');
INSERT INTO `gms_vdstate` VALUES ('08', '2023-06-02', '00000000001111112111000');
INSERT INTO `gms_vdstate` VALUES ('08', '2023-06-03', '00000000002002000000000');
INSERT INTO `gms_vdstate` VALUES ('08', '2023-06-04', '00000000001111111122000');
INSERT INTO `gms_vdstate` VALUES ('08', '2023-06-05', '00000000001112111111000');
INSERT INTO `gms_vdstate` VALUES ('08', '2023-06-06', '00000000001111121211000');
INSERT INTO `gms_vdstate` VALUES ('08', '2023-06-10', '00000000001211111111000');
INSERT INTO `gms_vdstate` VALUES ('08', '2023-06-13', '00000000001111111211000');
INSERT INTO `gms_vdstate` VALUES ('08', '2023-06-20', '00000000002121111111000');
INSERT INTO `gms_vdstate` VALUES ('08', '2023-06-21', '00000000001111121111000');
INSERT INTO `gms_vdstate` VALUES ('08', '2023-06-22', '00000000001111121111000');
INSERT INTO `gms_vdstate` VALUES ('08', '2023-06-24', '00000000001111111211000');
INSERT INTO `gms_vdstate` VALUES ('08', '2023-06-25', '00000000002111111111000');
INSERT INTO `gms_vdstate` VALUES ('08', '2023-06-26', '00000000001111121111000');
INSERT INTO `gms_vdstate` VALUES ('08', '2023-06-27', '00000000001111112111000');
INSERT INTO `gms_vdstate` VALUES ('08', '2023-06-30', '00000000001112111111000');
INSERT INTO `gms_vdstate` VALUES ('09', '2023-06-02', '00000000000001212111000');
INSERT INTO `gms_vdstate` VALUES ('09', '2023-06-04', '00000000000001112111000');
INSERT INTO `gms_vdstate` VALUES ('09', '2023-06-05', '00000000000001112111000');
INSERT INTO `gms_vdstate` VALUES ('09', '2023-06-10', '00000000000002111121000');
INSERT INTO `gms_vdstate` VALUES ('09', '2023-06-14', '00000000000002111221000');
INSERT INTO `gms_vdstate` VALUES ('09', '2023-06-15', '00000000000001111121000');
INSERT INTO `gms_vdstate` VALUES ('09', '2023-06-17', '00000000000001112111000');
INSERT INTO `gms_vdstate` VALUES ('09', '2023-06-19', '00000000000001211111000');
INSERT INTO `gms_vdstate` VALUES ('10', '2023-06-05', '00000000000011121000000');
INSERT INTO `gms_vdstate` VALUES ('10', '2023-06-06', '00000000000012111000000');
INSERT INTO `gms_vdstate` VALUES ('10', '2023-06-07', '00000000000021111000000');
INSERT INTO `gms_vdstate` VALUES ('10', '2023-06-21', '00000000000012111000000');
INSERT INTO `gms_vdstate` VALUES ('10', '2023-06-22', '00000000000011121000000');
INSERT INTO `gms_vdstate` VALUES ('11', '2023-06-03', '00000000000000000020100');
INSERT INTO `gms_vdstate` VALUES ('11', '2023-06-07', '00000000000111121111100');
INSERT INTO `gms_vdstate` VALUES ('11', '2023-06-10', '00000000000112111111100');
INSERT INTO `gms_vdstate` VALUES ('11', '2023-06-12', '00000000000111112121100');
INSERT INTO `gms_vdstate` VALUES ('11', '2023-06-14', '00000000000211111111100');
INSERT INTO `gms_vdstate` VALUES ('11', '2023-06-15', '00000000000111111121100');
INSERT INTO `gms_vdstate` VALUES ('11', '2023-06-19', '00000000000111111112100');
INSERT INTO `gms_vdstate` VALUES ('11', '2023-06-20', '00000000000112121111100');
INSERT INTO `gms_vdstate` VALUES ('11', '2023-06-21', '00000000000111121111100');
INSERT INTO `gms_vdstate` VALUES ('11', '2023-06-24', '00000000000111111112100');
INSERT INTO `gms_vdstate` VALUES ('12', '2023-06-07', '00000000000001111112110');
INSERT INTO `gms_vdstate` VALUES ('12', '2023-06-10', '00000000000002111111110');
INSERT INTO `gms_vdstate` VALUES ('12', '2023-06-11', '00000000000001111211110');
INSERT INTO `gms_vdstate` VALUES ('12', '2023-06-14', '00000000000001111112110');
INSERT INTO `gms_vdstate` VALUES ('12', '2023-06-16', '00000000000002111111110');
INSERT INTO `gms_vdstate` VALUES ('12', '2023-06-18', '00000000000002112111110');
INSERT INTO `gms_vdstate` VALUES ('12', '2023-06-25', '00000000000001211111110');
INSERT INTO `gms_vdstate` VALUES ('12', '2023-06-26', '00000000000001112111110');
INSERT INTO `gms_vdstate` VALUES ('12', '2023-06-28', '00000000000001122112110');
INSERT INTO `gms_vdstate` VALUES ('12', '2023-06-30', '00000000000002111111110');
INSERT INTO `gms_vdstate` VALUES ('13', '2023-06-01', '00000000000001112210000');
INSERT INTO `gms_vdstate` VALUES ('13', '2023-06-04', '00000000000001122110000');
INSERT INTO `gms_vdstate` VALUES ('13', '2023-06-05', '00000000000001211110000');
INSERT INTO `gms_vdstate` VALUES ('13', '2023-06-07', '00000000000001211110000');
INSERT INTO `gms_vdstate` VALUES ('13', '2023-06-08', '00000000000001111210000');
INSERT INTO `gms_vdstate` VALUES ('13', '2023-06-10', '00000000000001111210000');
INSERT INTO `gms_vdstate` VALUES ('13', '2023-06-12', '00000000000001112110000');
INSERT INTO `gms_vdstate` VALUES ('13', '2023-06-13', '00000000000002111110000');
INSERT INTO `gms_vdstate` VALUES ('13', '2023-06-14', '00000000000001211110000');
INSERT INTO `gms_vdstate` VALUES ('13', '2023-06-15', '00000000000001111210000');
INSERT INTO `gms_vdstate` VALUES ('13', '2023-06-20', '00000000000001121110000');
INSERT INTO `gms_vdstate` VALUES ('13', '2023-06-21', '00000000000001111210000');
INSERT INTO `gms_vdstate` VALUES ('13', '2023-06-23', '00000000000001121110000');
INSERT INTO `gms_vdstate` VALUES ('13', '2023-06-29', '00000000000001111210000');
INSERT INTO `gms_vdstate` VALUES ('14', '2023-06-02', '00000000000111112111100');
INSERT INTO `gms_vdstate` VALUES ('14', '2023-06-03', '00000000000000200000100');
INSERT INTO `gms_vdstate` VALUES ('14', '2023-06-04', '00000000000111112111100');
INSERT INTO `gms_vdstate` VALUES ('14', '2023-06-10', '00000000000111121111100');
INSERT INTO `gms_vdstate` VALUES ('14', '2023-06-12', '00000000000112111111100');
INSERT INTO `gms_vdstate` VALUES ('14', '2023-06-15', '00000000000111111121100');
INSERT INTO `gms_vdstate` VALUES ('14', '2023-06-16', '00000000000112111111100');
INSERT INTO `gms_vdstate` VALUES ('14', '2023-06-18', '00000000000121111111100');
INSERT INTO `gms_vdstate` VALUES ('14', '2023-06-19', '00000000000111211111100');
INSERT INTO `gms_vdstate` VALUES ('14', '2023-06-20', '00000000000111121111100');
INSERT INTO `gms_vdstate` VALUES ('14', '2023-06-21', '00000000000111121112100');
INSERT INTO `gms_vdstate` VALUES ('14', '2023-06-24', '00000000000111121111100');
INSERT INTO `gms_vdstate` VALUES ('14', '2023-06-25', '00000000000111111112100');
INSERT INTO `gms_vdstate` VALUES ('15', '2023-06-05', '00000000000111221110000');
INSERT INTO `gms_vdstate` VALUES ('15', '2023-06-08', '00000000000121111110000');
INSERT INTO `gms_vdstate` VALUES ('15', '2023-06-09', '00000000000112111110000');
INSERT INTO `gms_vdstate` VALUES ('15', '2023-06-10', '00000000000111112120000');
INSERT INTO `gms_vdstate` VALUES ('15', '2023-06-11', '00000000000111111220000');
INSERT INTO `gms_vdstate` VALUES ('15', '2023-06-12', '00000000000111112110000');
INSERT INTO `gms_vdstate` VALUES ('15', '2023-06-13', '00000000000111112110000');
INSERT INTO `gms_vdstate` VALUES ('15', '2023-06-16', '00000000000212111110000');
INSERT INTO `gms_vdstate` VALUES ('15', '2023-06-17', '00000000000111112110000');
INSERT INTO `gms_vdstate` VALUES ('15', '2023-06-18', '00000000000111111210000');
INSERT INTO `gms_vdstate` VALUES ('15', '2023-06-19', '00000000000111111220000');
INSERT INTO `gms_vdstate` VALUES ('15', '2023-06-24', '00000000000111111120000');
INSERT INTO `gms_vdstate` VALUES ('15', '2023-06-27', '00000000000111112110000');
INSERT INTO `gms_vdstate` VALUES ('15', '2023-06-28', '00000000000111211110000');
INSERT INTO `gms_vdstate` VALUES ('15', '2023-06-29', '00000000000111211120000');
INSERT INTO `gms_vdstate` VALUES ('15', '2023-06-30', '00000000000111211110000');
INSERT INTO `gms_vdstate` VALUES ('16', '2023-06-01', '00000000000021111111000');
INSERT INTO `gms_vdstate` VALUES ('16', '2023-06-07', '00000000000011112111000');
INSERT INTO `gms_vdstate` VALUES ('16', '2023-06-10', '00000000000012111111000');
INSERT INTO `gms_vdstate` VALUES ('16', '2023-06-11', '00000000000011111211000');
INSERT INTO `gms_vdstate` VALUES ('16', '2023-06-12', '00000000000011111112000');
INSERT INTO `gms_vdstate` VALUES ('16', '2023-06-14', '00000000000012111111000');
INSERT INTO `gms_vdstate` VALUES ('16', '2023-06-15', '00000000000011111121000');
INSERT INTO `gms_vdstate` VALUES ('16', '2023-06-20', '00000000000011121111000');
INSERT INTO `gms_vdstate` VALUES ('16', '2023-06-22', '00000000000012111211000');
INSERT INTO `gms_vdstate` VALUES ('16', '2023-06-24', '00000000000011111121000');
INSERT INTO `gms_vdstate` VALUES ('16', '2023-06-25', '00000000000021111111000');
INSERT INTO `gms_vdstate` VALUES ('16', '2023-06-26', '00000000000012111111000');
INSERT INTO `gms_vdstate` VALUES ('16', '2023-06-27', '00000000000011211111000');
INSERT INTO `gms_vdstate` VALUES ('16', '2023-06-29', '00000000000011211111000');
INSERT INTO `gms_vdstate` VALUES ('17', '2023-06-03', '00000000000000000002110');
INSERT INTO `gms_vdstate` VALUES ('17', '2023-06-13', '00000000000002211112110');
INSERT INTO `gms_vdstate` VALUES ('17', '2023-06-18', '00000000000001112211110');
INSERT INTO `gms_vdstate` VALUES ('17', '2023-06-19', '00000000000001121111110');
INSERT INTO `gms_vdstate` VALUES ('17', '2023-06-20', '00000000000002111111110');
INSERT INTO `gms_vdstate` VALUES ('17', '2023-06-21', '00000000000002111111110');
INSERT INTO `gms_vdstate` VALUES ('17', '2023-06-26', '00000000000001111121110');
INSERT INTO `gms_vdstate` VALUES ('17', '2023-06-27', '00000000000002111111110');
INSERT INTO `gms_vdstate` VALUES ('17', '2023-06-28', '00000000000001111121110');
INSERT INTO `gms_vdstate` VALUES ('17', '2023-06-29', '00000000000001211111110');
INSERT INTO `gms_vdstate` VALUES ('18', '2023-06-01', '00000000011111211110000');
INSERT INTO `gms_vdstate` VALUES ('18', '2023-06-02', '00000000012111111110000');
INSERT INTO `gms_vdstate` VALUES ('18', '2023-06-03', '00000000000000200000000');
INSERT INTO `gms_vdstate` VALUES ('18', '2023-06-07', '00000000011121111110000');
INSERT INTO `gms_vdstate` VALUES ('18', '2023-06-08', '00000000011111211120000');
INSERT INTO `gms_vdstate` VALUES ('18', '2023-06-09', '00000000012112111110000');
INSERT INTO `gms_vdstate` VALUES ('18', '2023-06-13', '00000000011121212110000');
INSERT INTO `gms_vdstate` VALUES ('18', '2023-06-14', '00000000011111121110000');
INSERT INTO `gms_vdstate` VALUES ('18', '2023-06-15', '00000000011111111210000');
INSERT INTO `gms_vdstate` VALUES ('18', '2023-06-16', '00000000011111121110000');
INSERT INTO `gms_vdstate` VALUES ('18', '2023-06-20', '00000000011111121210000');
INSERT INTO `gms_vdstate` VALUES ('18', '2023-06-24', '00000000011111211110000');
INSERT INTO `gms_vdstate` VALUES ('18', '2023-06-25', '00000000011111211110000');
INSERT INTO `gms_vdstate` VALUES ('18', '2023-06-27', '00000000011112111110000');
INSERT INTO `gms_vdstate` VALUES ('18', '2023-06-28', '00000000011111112110000');
INSERT INTO `gms_vdstate` VALUES ('18', '2023-06-29', '00000000011121111110000');
INSERT INTO `gms_vdstate` VALUES ('19', '2023-06-01', '00000000011112111111000');
INSERT INTO `gms_vdstate` VALUES ('19', '2023-06-02', '00000000012111211111000');
INSERT INTO `gms_vdstate` VALUES ('19', '2023-06-04', '00000000011111111112000');
INSERT INTO `gms_vdstate` VALUES ('19', '2023-06-05', '00000000011212111211000');
INSERT INTO `gms_vdstate` VALUES ('19', '2023-06-07', '00000000011111121111000');
INSERT INTO `gms_vdstate` VALUES ('19', '2023-06-08', '00000000011211111111000');
INSERT INTO `gms_vdstate` VALUES ('19', '2023-06-11', '00000000011121111112000');
INSERT INTO `gms_vdstate` VALUES ('19', '2023-06-13', '00000000011121111121000');
INSERT INTO `gms_vdstate` VALUES ('19', '2023-06-22', '00000000011111211121000');
INSERT INTO `gms_vdstate` VALUES ('19', '2023-06-23', '00000000011111211111000');
INSERT INTO `gms_vdstate` VALUES ('19', '2023-06-24', '00000000011111112111000');
INSERT INTO `gms_vdstate` VALUES ('19', '2023-06-29', '00000000011111211111000');
INSERT INTO `gms_vdstate` VALUES ('20', '2023-06-06', '00000000000011112100000');
INSERT INTO `gms_vdstate` VALUES ('20', '2023-06-09', '00000000000012111100000');
INSERT INTO `gms_vdstate` VALUES ('20', '2023-06-12', '00000000000011121200000');
INSERT INTO `gms_vdstate` VALUES ('20', '2023-06-19', '00000000000021111100000');
INSERT INTO `gms_vdstate` VALUES ('20', '2023-06-21', '00000000000011211100000');
INSERT INTO `gms_vdstate` VALUES ('20', '2023-06-23', '00000000000012111100000');
INSERT INTO `gms_vdstate` VALUES ('20', '2023-06-26', '00000000000012121100000');
INSERT INTO `gms_vdstate` VALUES ('20', '2023-06-30', '00000000000011111200000');
INSERT INTO `gms_vdstate` VALUES ('21', '2023-06-01', '00000000001111211110000');
INSERT INTO `gms_vdstate` VALUES ('21', '2023-06-04', '00000000001121111210000');
INSERT INTO `gms_vdstate` VALUES ('21', '2023-06-05', '00000000001111112110000');
INSERT INTO `gms_vdstate` VALUES ('21', '2023-06-10', '00000000001111111210000');
INSERT INTO `gms_vdstate` VALUES ('21', '2023-06-11', '00000000001111121110000');
INSERT INTO `gms_vdstate` VALUES ('21', '2023-06-12', '00000000001111111120000');
INSERT INTO `gms_vdstate` VALUES ('21', '2023-06-13', '00000000001112221110000');
INSERT INTO `gms_vdstate` VALUES ('21', '2023-06-14', '00000000001111112110000');
INSERT INTO `gms_vdstate` VALUES ('21', '2023-06-16', '00000000001111112110000');
INSERT INTO `gms_vdstate` VALUES ('21', '2023-06-17', '00000000001111211110000');
INSERT INTO `gms_vdstate` VALUES ('21', '2023-06-18', '00000000001111121120000');
INSERT INTO `gms_vdstate` VALUES ('21', '2023-06-19', '00000000001111211110000');
INSERT INTO `gms_vdstate` VALUES ('21', '2023-06-25', '00000000001111211210000');
INSERT INTO `gms_vdstate` VALUES ('21', '2023-06-27', '00000000001122112110000');
INSERT INTO `gms_vdstate` VALUES ('21', '2023-06-30', '00000000001111112110000');
INSERT INTO `gms_vdstate` VALUES ('22', '2023-06-02', '00000000000111211111000');
INSERT INTO `gms_vdstate` VALUES ('22', '2023-06-05', '00000000000111111211000');
INSERT INTO `gms_vdstate` VALUES ('22', '2023-06-06', '00000000000111121111000');
INSERT INTO `gms_vdstate` VALUES ('22', '2023-06-09', '00000000000111211111000');
INSERT INTO `gms_vdstate` VALUES ('22', '2023-06-11', '00000000000112111111000');
INSERT INTO `gms_vdstate` VALUES ('22', '2023-06-15', '00000000000111112111000');
INSERT INTO `gms_vdstate` VALUES ('22', '2023-06-16', '00000000000111211111000');
INSERT INTO `gms_vdstate` VALUES ('22', '2023-06-19', '00000000000112111111000');
INSERT INTO `gms_vdstate` VALUES ('22', '2023-06-21', '00000000000111121111000');
INSERT INTO `gms_vdstate` VALUES ('22', '2023-06-22', '00000000000111111211000');
INSERT INTO `gms_vdstate` VALUES ('22', '2023-06-25', '00000000000121111111000');
INSERT INTO `gms_vdstate` VALUES ('22', '2023-06-29', '00000000000111111112000');
INSERT INTO `gms_vdstate` VALUES ('23', '2023-06-01', '00000000000111111221100');
INSERT INTO `gms_vdstate` VALUES ('23', '2023-06-02', '00000000000112111111100');
INSERT INTO `gms_vdstate` VALUES ('23', '2023-06-06', '00000000000112111112100');
INSERT INTO `gms_vdstate` VALUES ('23', '2023-06-07', '00000000000111211111100');
INSERT INTO `gms_vdstate` VALUES ('23', '2023-06-08', '00000000000111111112100');
INSERT INTO `gms_vdstate` VALUES ('23', '2023-06-09', '00000000000111112111100');
INSERT INTO `gms_vdstate` VALUES ('23', '2023-06-12', '00000000000111111211100');
INSERT INTO `gms_vdstate` VALUES ('23', '2023-06-18', '00000000000111112212100');
INSERT INTO `gms_vdstate` VALUES ('23', '2023-06-19', '00000000000111111121100');
INSERT INTO `gms_vdstate` VALUES ('23', '2023-06-22', '00000000000111211111100');
INSERT INTO `gms_vdstate` VALUES ('23', '2023-06-23', '00000000000211111112100');
INSERT INTO `gms_vdstate` VALUES ('23', '2023-06-24', '00000000000111112111100');
INSERT INTO `gms_vdstate` VALUES ('23', '2023-06-25', '00000000000111112112100');
INSERT INTO `gms_vdstate` VALUES ('23', '2023-06-27', '00000000000111211211100');
INSERT INTO `gms_vdstate` VALUES ('23', '2023-06-28', '00000000000112111111100');
INSERT INTO `gms_vdstate` VALUES ('23', '2023-06-30', '00000000000211111111100');
INSERT INTO `gms_vdstate` VALUES ('24', '2023-06-03', '00000000000020000000000');
INSERT INTO `gms_vdstate` VALUES ('24', '2023-06-04', '00000000000011121100000');
INSERT INTO `gms_vdstate` VALUES ('24', '2023-06-05', '00000000000011212100000');
INSERT INTO `gms_vdstate` VALUES ('24', '2023-06-07', '00000000000011121100000');
INSERT INTO `gms_vdstate` VALUES ('24', '2023-06-08', '00000000000011221100000');
INSERT INTO `gms_vdstate` VALUES ('24', '2023-06-10', '00000000000011112100000');
INSERT INTO `gms_vdstate` VALUES ('24', '2023-06-11', '00000000000011211100000');
INSERT INTO `gms_vdstate` VALUES ('24', '2023-06-14', '00000000000011211100000');
INSERT INTO `gms_vdstate` VALUES ('24', '2023-06-18', '00000000000011121100000');
INSERT INTO `gms_vdstate` VALUES ('24', '2023-06-23', '00000000000012111200000');
INSERT INTO `gms_vdstate` VALUES ('24', '2023-06-25', '00000000000021111100000');
INSERT INTO `gms_vdstate` VALUES ('24', '2023-06-30', '00000000000011121100000');
INSERT INTO `gms_vdstate` VALUES ('25', '2023-06-01', '00000000000121111111100');
INSERT INTO `gms_vdstate` VALUES ('25', '2023-06-02', '00000000000111111121100');
INSERT INTO `gms_vdstate` VALUES ('25', '2023-06-03', '00000000000000000002100');
INSERT INTO `gms_vdstate` VALUES ('25', '2023-06-07', '00000000000111121121100');
INSERT INTO `gms_vdstate` VALUES ('25', '2023-06-08', '00000000000111112111100');
INSERT INTO `gms_vdstate` VALUES ('25', '2023-06-09', '00000000000121111111100');
INSERT INTO `gms_vdstate` VALUES ('25', '2023-06-11', '00000000000111121111100');
INSERT INTO `gms_vdstate` VALUES ('25', '2023-06-12', '00000000000121121111100');
INSERT INTO `gms_vdstate` VALUES ('25', '2023-06-14', '00000000000121111111100');
INSERT INTO `gms_vdstate` VALUES ('25', '2023-06-16', '00000000000211111111100');
INSERT INTO `gms_vdstate` VALUES ('25', '2023-06-17', '00000000000112112111100');
INSERT INTO `gms_vdstate` VALUES ('25', '2023-06-18', '00000000000111112111100');
INSERT INTO `gms_vdstate` VALUES ('25', '2023-06-22', '00000000000112211111100');
INSERT INTO `gms_vdstate` VALUES ('25', '2023-06-24', '00000000000112111111100');
INSERT INTO `gms_vdstate` VALUES ('25', '2023-06-25', '00000000000111112112100');
INSERT INTO `gms_vdstate` VALUES ('25', '2023-06-27', '00000000000111211111100');
INSERT INTO `gms_vdstate` VALUES ('25', '2023-06-28', '00000000000112111111100');
INSERT INTO `gms_vdstate` VALUES ('25', '2023-06-30', '00000000000111211111100');
INSERT INTO `gms_vdstate` VALUES ('26', '2023-06-04', '00000000000001211000000');
INSERT INTO `gms_vdstate` VALUES ('26', '2023-06-11', '00000000000002111000000');
INSERT INTO `gms_vdstate` VALUES ('26', '2023-06-12', '00000000000001121000000');
INSERT INTO `gms_vdstate` VALUES ('26', '2023-06-13', '00000000000001121000000');
INSERT INTO `gms_vdstate` VALUES ('26', '2023-06-23', '00000000000001121000000');
INSERT INTO `gms_vdstate` VALUES ('26', '2023-06-27', '00000000000001121000000');
INSERT INTO `gms_vdstate` VALUES ('27', '2023-06-04', '00000000000111111121000');
INSERT INTO `gms_vdstate` VALUES ('27', '2023-06-05', '00000000000211111111000');
INSERT INTO `gms_vdstate` VALUES ('27', '2023-06-10', '00000000000111121121000');
INSERT INTO `gms_vdstate` VALUES ('27', '2023-06-11', '00000000000111121111000');
INSERT INTO `gms_vdstate` VALUES ('27', '2023-06-12', '00000000000112111111000');
INSERT INTO `gms_vdstate` VALUES ('27', '2023-06-14', '00000000000211111111000');
INSERT INTO `gms_vdstate` VALUES ('27', '2023-06-15', '00000000000112111111000');
INSERT INTO `gms_vdstate` VALUES ('27', '2023-06-20', '00000000000121111111000');
INSERT INTO `gms_vdstate` VALUES ('27', '2023-06-21', '00000000000121111111000');
INSERT INTO `gms_vdstate` VALUES ('27', '2023-06-23', '00000000000111111221000');
INSERT INTO `gms_vdstate` VALUES ('27', '2023-06-24', '00000000000121111211000');
INSERT INTO `gms_vdstate` VALUES ('27', '2023-06-25', '00000000000111121111000');
INSERT INTO `gms_vdstate` VALUES ('27', '2023-06-27', '00000000000111121111000');
INSERT INTO `gms_vdstate` VALUES ('27', '2023-06-30', '00000000000211111111000');
INSERT INTO `gms_vdstate` VALUES ('28', '2023-06-05', '00000000000001112111110');
INSERT INTO `gms_vdstate` VALUES ('28', '2023-06-10', '00000000000001111121110');
INSERT INTO `gms_vdstate` VALUES ('28', '2023-06-11', '00000000000002111111110');
INSERT INTO `gms_vdstate` VALUES ('28', '2023-06-19', '00000000000001111211110');
INSERT INTO `gms_vdstate` VALUES ('28', '2023-06-28', '00000000000001111211110');
INSERT INTO `gms_vdstate` VALUES ('28', '2023-06-29', '00000000000001112111110');
INSERT INTO `gms_vdstate` VALUES ('28', '2023-06-30', '00000000000001111121110');
INSERT INTO `gms_vdstate` VALUES ('29', '2023-06-08', '00000000011111112111000');
INSERT INTO `gms_vdstate` VALUES ('29', '2023-06-09', '00000000011111112111000');
INSERT INTO `gms_vdstate` VALUES ('29', '2023-06-14', '00000000011111112111000');
INSERT INTO `gms_vdstate` VALUES ('29', '2023-06-15', '00000000011111112111000');
INSERT INTO `gms_vdstate` VALUES ('29', '2023-06-18', '00000000011111112111000');
INSERT INTO `gms_vdstate` VALUES ('29', '2023-06-19', '00000000011111111112000');
INSERT INTO `gms_vdstate` VALUES ('29', '2023-06-21', '00000000011111112111000');
INSERT INTO `gms_vdstate` VALUES ('29', '2023-06-23', '00000000011111121111000');
INSERT INTO `gms_vdstate` VALUES ('29', '2023-06-25', '00000000011112111111000');
INSERT INTO `gms_vdstate` VALUES ('29', '2023-06-26', '00000000011111111211000');
INSERT INTO `gms_vdstate` VALUES ('29', '2023-06-29', '00000000012112111111000');
INSERT INTO `gms_vdstate` VALUES ('29', '2023-06-30', '00000000011112111111000');
INSERT INTO `gms_vdstate` VALUES ('30', '2023-06-01', '00000000011111112111100');
INSERT INTO `gms_vdstate` VALUES ('30', '2023-06-04', '00000000011121111111100');
INSERT INTO `gms_vdstate` VALUES ('30', '2023-06-06', '00000000011111111211100');
INSERT INTO `gms_vdstate` VALUES ('30', '2023-06-08', '00000000011111111211100');
INSERT INTO `gms_vdstate` VALUES ('30', '2023-06-10', '00000000011111112111100');
INSERT INTO `gms_vdstate` VALUES ('30', '2023-06-11', '00000000012111111111100');
INSERT INTO `gms_vdstate` VALUES ('30', '2023-06-21', '00000000011121122121100');
INSERT INTO `gms_vdstate` VALUES ('30', '2023-06-22', '00000000011111111121100');
INSERT INTO `gms_vdstate` VALUES ('30', '2023-06-23', '00000000011112111111100');
INSERT INTO `gms_vdstate` VALUES ('30', '2023-06-25', '00000000011111211111100');
INSERT INTO `gms_vdstate` VALUES ('30', '2023-06-26', '00000000011111121111100');
INSERT INTO `gms_vdstate` VALUES ('30', '2023-06-27', '00000000011111112111100');
INSERT INTO `gms_vdstate` VALUES ('30', '2023-06-28', '00000000011111112111100');
INSERT INTO `gms_vdstate` VALUES ('30', '2023-06-29', '00000000011111121111100');
INSERT INTO `gms_vdstate` VALUES ('31', '2023-06-02', '00000000000011211000000');
INSERT INTO `gms_vdstate` VALUES ('31', '2023-06-03', '00000000000000002000000');
INSERT INTO `gms_vdstate` VALUES ('31', '2023-06-04', '00000000000021111000000');
INSERT INTO `gms_vdstate` VALUES ('31', '2023-06-16', '00000000000012111000000');
INSERT INTO `gms_vdstate` VALUES ('31', '2023-06-18', '00000000000021111000000');
INSERT INTO `gms_vdstate` VALUES ('31', '2023-06-21', '00000000000021111000000');
INSERT INTO `gms_vdstate` VALUES ('31', '2023-06-24', '00000000000021111000000');
INSERT INTO `gms_vdstate` VALUES ('31', '2023-06-25', '00000000000011112000000');
INSERT INTO `gms_vdstate` VALUES ('31', '2023-06-27', '00000000000011112000000');
INSERT INTO `gms_vdstate` VALUES ('31', '2023-06-28', '00000000000011112000000');
INSERT INTO `gms_vdstate` VALUES ('32', '2023-06-01', '00000000011111111121000');
INSERT INTO `gms_vdstate` VALUES ('32', '2023-06-04', '00000000011111121111000');
INSERT INTO `gms_vdstate` VALUES ('32', '2023-06-05', '00000000011211111211000');
INSERT INTO `gms_vdstate` VALUES ('32', '2023-06-06', '00000000011111211111000');
INSERT INTO `gms_vdstate` VALUES ('32', '2023-06-11', '00000000011111111211000');
INSERT INTO `gms_vdstate` VALUES ('32', '2023-06-13', '00000000011211111111000');
INSERT INTO `gms_vdstate` VALUES ('32', '2023-06-14', '00000000011111111112000');
INSERT INTO `gms_vdstate` VALUES ('32', '2023-06-16', '00000000011111111112000');
INSERT INTO `gms_vdstate` VALUES ('32', '2023-06-18', '00000000011211111111000');
INSERT INTO `gms_vdstate` VALUES ('32', '2023-06-20', '00000000011121111112000');
INSERT INTO `gms_vdstate` VALUES ('32', '2023-06-22', '00000000011112121111000');
INSERT INTO `gms_vdstate` VALUES ('32', '2023-06-23', '00000000011111211112000');
INSERT INTO `gms_vdstate` VALUES ('32', '2023-06-25', '00000000012111111111000');
INSERT INTO `gms_vdstate` VALUES ('32', '2023-06-26', '00000000011111111211000');
INSERT INTO `gms_vdstate` VALUES ('32', '2023-06-27', '00000000012111111111000');
INSERT INTO `gms_vdstate` VALUES ('32', '2023-06-28', '00000000011111121111000');
INSERT INTO `gms_vdstate` VALUES ('32', '2023-06-29', '00000000011111211111000');
INSERT INTO `gms_vdstate` VALUES ('33', '2023-06-01', '00000000000001211111000');
INSERT INTO `gms_vdstate` VALUES ('33', '2023-06-02', '00000000000001112211000');
INSERT INTO `gms_vdstate` VALUES ('33', '2023-06-09', '00000000000001111211000');
INSERT INTO `gms_vdstate` VALUES ('33', '2023-06-10', '00000000000001111121000');
INSERT INTO `gms_vdstate` VALUES ('33', '2023-06-11', '00000000000002111112000');
INSERT INTO `gms_vdstate` VALUES ('33', '2023-06-13', '00000000000001111121000');
INSERT INTO `gms_vdstate` VALUES ('33', '2023-06-17', '00000000000001121211000');
INSERT INTO `gms_vdstate` VALUES ('33', '2023-06-18', '00000000000001121111000');
INSERT INTO `gms_vdstate` VALUES ('33', '2023-06-22', '00000000000001112111000');
INSERT INTO `gms_vdstate` VALUES ('33', '2023-06-23', '00000000000002111111000');
INSERT INTO `gms_vdstate` VALUES ('33', '2023-06-26', '00000000000002211111000');
INSERT INTO `gms_vdstate` VALUES ('34', '2023-06-02', '00000000001111121000000');
INSERT INTO `gms_vdstate` VALUES ('34', '2023-06-08', '00000000001111211000000');
INSERT INTO `gms_vdstate` VALUES ('34', '2023-06-09', '00000000001211111000000');
INSERT INTO `gms_vdstate` VALUES ('34', '2023-06-14', '00000000001211111000000');
INSERT INTO `gms_vdstate` VALUES ('34', '2023-06-18', '00000000001111211000000');
INSERT INTO `gms_vdstate` VALUES ('34', '2023-06-20', '00000000001112111000000');
INSERT INTO `gms_vdstate` VALUES ('34', '2023-06-26', '00000000002111112000000');
INSERT INTO `gms_vdstate` VALUES ('34', '2023-06-27', '00000000001111211000000');
INSERT INTO `gms_vdstate` VALUES ('35', '2023-06-07', '00000000000011112112000');
INSERT INTO `gms_vdstate` VALUES ('35', '2023-06-08', '00000000000011211111000');
INSERT INTO `gms_vdstate` VALUES ('35', '2023-06-09', '00000000000012111121000');
INSERT INTO `gms_vdstate` VALUES ('35', '2023-06-10', '00000000000021111111000');
INSERT INTO `gms_vdstate` VALUES ('35', '2023-06-25', '00000000000011111112000');
INSERT INTO `gms_vdstate` VALUES ('35', '2023-06-26', '00000000000011111121000');
INSERT INTO `gms_vdstate` VALUES ('35', '2023-06-27', '00000000000011121111000');
INSERT INTO `gms_vdstate` VALUES ('35', '2023-06-28', '00000000000021111111000');
INSERT INTO `gms_vdstate` VALUES ('35', '2023-06-29', '00000000000012111111000');
INSERT INTO `gms_vdstate` VALUES ('36', '2023-06-03', '00000000000000202000000');
INSERT INTO `gms_vdstate` VALUES ('36', '2023-06-05', '00000000000001211000000');
INSERT INTO `gms_vdstate` VALUES ('36', '2023-06-07', '00000000000002111000000');
INSERT INTO `gms_vdstate` VALUES ('36', '2023-06-09', '00000000000001112000000');
INSERT INTO `gms_vdstate` VALUES ('36', '2023-06-20', '00000000000001121000000');
INSERT INTO `gms_vdstate` VALUES ('36', '2023-06-23', '00000000000001121000000');
INSERT INTO `gms_vdstate` VALUES ('36', '2023-06-24', '00000000000001211000000');
INSERT INTO `gms_vdstate` VALUES ('37', '2023-06-02', '00000000000001111121100');
INSERT INTO `gms_vdstate` VALUES ('37', '2023-06-07', '00000000000001111211100');
INSERT INTO `gms_vdstate` VALUES ('37', '2023-06-09', '00000000000001111112100');
INSERT INTO `gms_vdstate` VALUES ('37', '2023-06-10', '00000000000002111111100');
INSERT INTO `gms_vdstate` VALUES ('37', '2023-06-14', '00000000000002111121100');
INSERT INTO `gms_vdstate` VALUES ('37', '2023-06-19', '00000000000001111112100');
INSERT INTO `gms_vdstate` VALUES ('37', '2023-06-20', '00000000000001111121100');
INSERT INTO `gms_vdstate` VALUES ('37', '2023-06-22', '00000000000001211121100');
INSERT INTO `gms_vdstate` VALUES ('37', '2023-06-23', '00000000000002111121100');
INSERT INTO `gms_vdstate` VALUES ('37', '2023-06-24', '00000000000001111122100');
INSERT INTO `gms_vdstate` VALUES ('37', '2023-06-25', '00000000000001211111100');
INSERT INTO `gms_vdstate` VALUES ('37', '2023-06-26', '00000000000001211111100');
INSERT INTO `gms_vdstate` VALUES ('37', '2023-06-27', '00000000000001221111100');
INSERT INTO `gms_vdstate` VALUES ('38', '2023-06-02', '00000000000001211111100');
INSERT INTO `gms_vdstate` VALUES ('38', '2023-06-05', '00000000000001112111100');
INSERT INTO `gms_vdstate` VALUES ('38', '2023-06-11', '00000000000001111121100');
INSERT INTO `gms_vdstate` VALUES ('38', '2023-06-13', '00000000000001121111100');
INSERT INTO `gms_vdstate` VALUES ('38', '2023-06-16', '00000000000002111111100');
INSERT INTO `gms_vdstate` VALUES ('38', '2023-06-17', '00000000000001111211100');
INSERT INTO `gms_vdstate` VALUES ('38', '2023-06-19', '00000000000001112111100');
INSERT INTO `gms_vdstate` VALUES ('38', '2023-06-21', '00000000000001111112100');
INSERT INTO `gms_vdstate` VALUES ('38', '2023-06-22', '00000000000001121111100');
INSERT INTO `gms_vdstate` VALUES ('38', '2023-06-23', '00000000000001211111100');
INSERT INTO `gms_vdstate` VALUES ('38', '2023-06-28', '00000000000001111121100');
INSERT INTO `gms_vdstate` VALUES ('38', '2023-06-30', '00000000000001121211100');
INSERT INTO `gms_vdstate` VALUES ('39', '2023-06-02', '00000000000111121100000');
INSERT INTO `gms_vdstate` VALUES ('39', '2023-06-08', '00000000000111121100000');
INSERT INTO `gms_vdstate` VALUES ('39', '2023-06-14', '00000000000112111100000');
INSERT INTO `gms_vdstate` VALUES ('39', '2023-06-20', '00000000000111111200000');
INSERT INTO `gms_vdstate` VALUES ('39', '2023-06-21', '00000000000111121100000');
INSERT INTO `gms_vdstate` VALUES ('39', '2023-06-22', '00000000000111111200000');
INSERT INTO `gms_vdstate` VALUES ('39', '2023-06-28', '00000000000111211100000');
INSERT INTO `gms_vdstate` VALUES ('39', '2023-06-30', '00000000000111211100000');
INSERT INTO `gms_vdstate` VALUES ('40', '2023-06-04', '00000000011111121111110');
INSERT INTO `gms_vdstate` VALUES ('40', '2023-06-07', '00000000011111111211110');
INSERT INTO `gms_vdstate` VALUES ('40', '2023-06-12', '00000000011121111111110');
INSERT INTO `gms_vdstate` VALUES ('40', '2023-06-16', '00000000011112111111110');
INSERT INTO `gms_vdstate` VALUES ('40', '2023-06-18', '00000000011111112111110');
INSERT INTO `gms_vdstate` VALUES ('40', '2023-06-21', '00000000011111121111110');
INSERT INTO `gms_vdstate` VALUES ('40', '2023-06-26', '00000000011111211111110');
INSERT INTO `gms_vdstate` VALUES ('40', '2023-06-27', '00000000011111112111110');
INSERT INTO `gms_vdstate` VALUES ('40', '2023-06-28', '00000000011111111112110');
INSERT INTO `gms_vdstate` VALUES ('40', '2023-06-30', '00000000011122111111110');
INSERT INTO `gms_vdstate` VALUES ('41', '2023-06-03', '00000000000002000000000');
INSERT INTO `gms_vdstate` VALUES ('41', '2023-06-04', '00000000011111211110000');
INSERT INTO `gms_vdstate` VALUES ('41', '2023-06-09', '00000000011112111210000');
INSERT INTO `gms_vdstate` VALUES ('41', '2023-06-12', '00000000011111121110000');
INSERT INTO `gms_vdstate` VALUES ('41', '2023-06-13', '00000000011111211110000');
INSERT INTO `gms_vdstate` VALUES ('41', '2023-06-14', '00000000011111121110000');
INSERT INTO `gms_vdstate` VALUES ('41', '2023-06-17', '00000000011121111110000');
INSERT INTO `gms_vdstate` VALUES ('41', '2023-06-18', '00000000011111121210000');
INSERT INTO `gms_vdstate` VALUES ('41', '2023-06-19', '00000000011111121110000');
INSERT INTO `gms_vdstate` VALUES ('41', '2023-06-20', '00000000011111121110000');
INSERT INTO `gms_vdstate` VALUES ('41', '2023-06-21', '00000000011111121120000');
INSERT INTO `gms_vdstate` VALUES ('41', '2023-06-25', '00000000011111121110000');
INSERT INTO `gms_vdstate` VALUES ('41', '2023-06-26', '00000000011111111210000');
INSERT INTO `gms_vdstate` VALUES ('41', '2023-06-27', '00000000011112111110000');
INSERT INTO `gms_vdstate` VALUES ('41', '2023-06-28', '00000000011111112110000');

-- ----------------------------
-- Table structure for gms_venue
-- ----------------------------
DROP TABLE IF EXISTS `gms_venue`;
CREATE TABLE `gms_venue`  (
  `venue_id` varchar(32) CHARACTER SET utf8 COLLATE utf8_general_ci NOT NULL COMMENT '场馆编号',
  `venue_type` varchar(32) CHARACTER SET utf8 COLLATE utf8_general_ci NOT NULL COMMENT '场馆类别',
  `venue_name` varchar(32) CHARACTER SET utf8 COLLATE utf8_general_ci NOT NULL COMMENT '场馆名字',
  `venue_price` decimal(32, 10) NOT NULL COMMENT '场馆价格',
  `venue_capacity` int(11) NOT NULL COMMENT '场馆接待能力',
  `venue_open` int(11) NOT NULL COMMENT '开始时间',
  `venue_close` int(11) NOT NULL COMMENT '关闭时间',
  `venue_is_del` int(11) NOT NULL DEFAULT 0 COMMENT '场馆是否被删除 为0代表场馆未被删除,1代表场馆被删除了',
  PRIMARY KEY (`venue_id`) USING BTREE,
  INDEX `场馆引用类别`(`venue_type`) USING BTREE,
  CONSTRAINT `场馆引用类别` FOREIGN KEY (`venue_type`) REFERENCES `gms_type` (`type_name`) ON DELETE RESTRICT ON UPDATE RESTRICT
) ENGINE = InnoDB CHARACTER SET = utf8 COLLATE = utf8_general_ci COMMENT = '场馆' ROW_FORMAT = Dynamic;

-- ----------------------------
-- Records of gms_venue
-- ----------------------------
INSERT INTO `gms_venue` VALUES ('01', '篮球场', '篮球场1号', 500.0000000000, 18, 12, 22, 0);
INSERT INTO `gms_venue` VALUES ('02', '篮球场', '篮球场2号', 500.0000000000, 18, 11, 18, 0);
INSERT INTO `gms_venue` VALUES ('03', '羽毛球场', '羽毛球场1号', 50.0000000000, 4, 13, 20, 0);
INSERT INTO `gms_venue` VALUES ('04', '羽毛球场', '羽毛球场2号', 50.0000000000, 4, 13, 22, 0);
INSERT INTO `gms_venue` VALUES ('05', '羽毛球场', '羽毛球场3号', 50.0000000000, 4, 9, 17, 0);
INSERT INTO `gms_venue` VALUES ('06', '羽毛球场', '羽毛球场4号', 50.0000000000, 4, 13, 21, 0);
INSERT INTO `gms_venue` VALUES ('07', '羽毛球场', '羽毛球场5号', 50.0000000000, 4, 11, 20, 0);
INSERT INTO `gms_venue` VALUES ('08', '羽毛球场', '羽毛球场6号', 50.0000000000, 4, 10, 20, 0);
INSERT INTO `gms_venue` VALUES ('09', '羽毛球场', '羽毛球场7号', 50.0000000000, 4, 13, 20, 0);
INSERT INTO `gms_venue` VALUES ('10', '羽毛球场', '羽毛球场8号', 50.0000000000, 4, 12, 17, 0);
INSERT INTO `gms_venue` VALUES ('11', '羽毛球场', '羽毛球场9号', 50.0000000000, 4, 11, 21, 0);
INSERT INTO `gms_venue` VALUES ('12', '羽毛球场', '羽毛球场10号', 50.0000000000, 4, 13, 22, 0);
INSERT INTO `gms_venue` VALUES ('13', '羽毛球场', '羽毛球场11号', 50.0000000000, 4, 13, 19, 0);
INSERT INTO `gms_venue` VALUES ('14', '羽毛球场', '羽毛球场12号', 50.0000000000, 4, 11, 21, 0);
INSERT INTO `gms_venue` VALUES ('15', '羽毛球场', '羽毛球场13号', 50.0000000000, 4, 11, 19, 0);
INSERT INTO `gms_venue` VALUES ('16', '羽毛球场', '羽毛球场14号', 50.0000000000, 4, 12, 20, 0);
INSERT INTO `gms_venue` VALUES ('17', '羽毛球场', '羽毛球场15号', 50.0000000000, 4, 13, 22, 0);
INSERT INTO `gms_venue` VALUES ('18', '羽毛球场', '羽毛球场16号', 50.0000000000, 4, 9, 19, 0);
INSERT INTO `gms_venue` VALUES ('19', '羽毛球场', '羽毛球场17号', 50.0000000000, 4, 9, 20, 0);
INSERT INTO `gms_venue` VALUES ('20', '羽毛球场', '羽毛球场18号', 50.0000000000, 4, 12, 18, 0);
INSERT INTO `gms_venue` VALUES ('21', '羽毛球场', '羽毛球场19号', 50.0000000000, 4, 10, 19, 0);
INSERT INTO `gms_venue` VALUES ('22', '羽毛球场', '羽毛球场20号', 50.0000000000, 4, 11, 20, 0);
INSERT INTO `gms_venue` VALUES ('23', '羽毛球场', '羽毛球场21号', 50.0000000000, 4, 11, 21, 0);
INSERT INTO `gms_venue` VALUES ('24', '乒乓球场', '乒乓球场1号', 50.0000000000, 4, 12, 18, 0);
INSERT INTO `gms_venue` VALUES ('25', '乒乓球场', '乒乓球场2号', 50.0000000000, 4, 11, 21, 0);
INSERT INTO `gms_venue` VALUES ('26', '乒乓球场', '乒乓球场3号', 50.0000000000, 4, 13, 17, 0);
INSERT INTO `gms_venue` VALUES ('27', '乒乓球场', '乒乓球场4号', 50.0000000000, 4, 11, 20, 0);
INSERT INTO `gms_venue` VALUES ('28', '乒乓球场', '乒乓球场5号', 50.0000000000, 4, 13, 22, 0);
INSERT INTO `gms_venue` VALUES ('29', '乒乓球场', '乒乓球场6号', 50.0000000000, 4, 9, 20, 0);
INSERT INTO `gms_venue` VALUES ('30', '乒乓球场', '乒乓球场7号', 50.0000000000, 4, 9, 21, 0);
INSERT INTO `gms_venue` VALUES ('31', '乒乓球场', '乒乓球场8号', 50.0000000000, 4, 12, 17, 0);
INSERT INTO `gms_venue` VALUES ('32', '乒乓球场', '乒乓球场9号', 50.0000000000, 4, 9, 20, 0);
INSERT INTO `gms_venue` VALUES ('33', '乒乓球场', '乒乓球场10号', 50.0000000000, 4, 13, 20, 0);
INSERT INTO `gms_venue` VALUES ('34', '乒乓球场', '乒乓球场11号', 50.0000000000, 4, 10, 17, 0);
INSERT INTO `gms_venue` VALUES ('35', '乒乓球场', '乒乓球场12号', 50.0000000000, 4, 12, 20, 0);
INSERT INTO `gms_venue` VALUES ('36', '乒乓球场', '乒乓球场13号', 50.0000000000, 4, 13, 17, 0);
INSERT INTO `gms_venue` VALUES ('37', '乒乓球场', '乒乓球场14号', 50.0000000000, 4, 13, 21, 0);
INSERT INTO `gms_venue` VALUES ('38', '乒乓球场', '乒乓球场15号', 50.0000000000, 4, 13, 21, 0);
INSERT INTO `gms_venue` VALUES ('39', '跑廊乒乓球场', '跑廊乒乓球场1号', 30.0000000000, 2, 11, 18, 0);
INSERT INTO `gms_venue` VALUES ('40', '网球场', '网球场1号', 400.0000000000, 10, 9, 22, 0);
INSERT INTO `gms_venue` VALUES ('41', '网球场', '网球场2号', 400.0000000000, 10, 9, 19, 0);

-- ----------------------------
-- Table structure for gms_vip
-- ----------------------------
DROP TABLE IF EXISTS `gms_vip`;
CREATE TABLE `gms_vip`  (
  `vip_name` varchar(255) CHARACTER SET utf8mb4 COLLATE utf8mb4_0900_ai_ci NOT NULL,
  `vip_phone` varchar(255) CHARACTER SET utf8mb4 COLLATE utf8mb4_0900_ai_ci NOT NULL,
  `vip_id` varchar(20) CHARACTER SET utf8mb4 COLLATE utf8mb4_0900_ai_ci NULL DEFAULT NULL,
  `vip_email` varchar(255) CHARACTER SET utf8mb4 COLLATE utf8mb4_0900_ai_ci NULL DEFAULT NULL,
  `vip_account` varchar(25) CHARACTER SET utf8mb4 COLLATE utf8mb4_0900_ai_ci NOT NULL,
  `vip_gender` varchar(8) CHARACTER SET utf8mb4 COLLATE utf8mb4_0900_ai_ci NULL DEFAULT NULL,
  `vip_userid` varchar(13) CHARACTER SET utf8mb4 COLLATE utf8mb4_0900_ai_ci NULL DEFAULT NULL
) ENGINE = InnoDB CHARACTER SET = utf8mb4 COLLATE = utf8mb4_0900_ai_ci ROW_FORMAT = Dynamic;

-- ----------------------------
-- Records of gms_vip
-- ----------------------------
INSERT INTO `gms_vip` VALUES ('小李', '13190260679', '320912345678192345', '7167659759@qq.com', '10', '女', '42021243');

SET FOREIGN_KEY_CHECKS = 1;
